"scenario","ID","LID","coor","timeper","rcp","absorp","ww","ttl","h_active","perc_active","h_bask","perc_bask","act_bask_ratio","ndays","nyears","T_loc","T_ref","RH_loc","RH_ref","change_act","change_bask","perc_change_act","perc_change_bask","change_T_loc","change_RH_loc","perc_T_loc","perc_RH_loc"
"2040_2059_RCP45","275","DAR","18.48183333, -33.473","40-59","4.5",0.861640922064713,31.99,212,54,0.1875,88,0.305555555555556,0.613636363636364,12,1,17.9515491925174,16.7326456327987,70.0348374012999,74.6112395857992,6,-2,1.125,0.977777777777778,2.8398325851965,0.426628338520288,1.18792256756726,1.00612899461521
"2040_2059_RCP45","277","DAR","18.48183333, -33.473","40-59","4.5",0.867764988386521,51.94,220,58,0.201388888888889,84,0.291666666666667,0.69047619047619,12,1,17.9515491925174,16.7326456327987,70.0348374012999,74.6112395857992,10,-6,1.20833333333333,0.933333333333333,2.8398325851965,0.426628338520288,1.18792256756726,1.00612899461521
"2040_2059_RCP45","278","DAR","18.48183333, -33.473","40-59","4.5",0.890510570509502,63.2,260,62,0.215277777777778,80,0.277777777777778,0.775,12,1,17.9515491925174,16.7326456327987,70.0348374012999,74.6112395857992,12,-8,1.24,0.909090909090909,2.8398325851965,0.426628338520288,1.18792256756726,1.00612899461521
"2040_2059_RCP45","280","DAR","18.48183333, -33.473","40-59","4.5",0.868544356157645,48.88,256,58,0.201388888888889,84,0.291666666666667,0.69047619047619,12,1,17.9515491925174,16.7326456327987,70.0348374012999,74.6112395857992,10,-6,1.20833333333333,0.933333333333333,2.8398325851965,0.426628338520288,1.18792256756726,1.00612899461521
"2040_2059_RCP45","281","DAR","18.48183333, -33.473","40-59","4.5",0.863004856345143,34.66,235,56,0.194444444444444,86,0.298611111111111,0.651162790697674,12,1,17.9515491925174,16.7326456327987,70.0348374012999,74.6112395857992,8,-4,1.16666666666667,0.955555555555556,2.8398325851965,0.426628338520288,1.18792256756726,1.00612899461521
"2040_2059_RCP45","282","DAR","18.48183333, -33.473","40-59","4.5",0.861157579659448,55.75,250,58,0.201388888888889,84,0.291666666666667,0.69047619047619,12,1,17.9515491925174,16.7326456327987,70.0348374012999,74.6112395857992,10,-6,1.20833333333333,0.933333333333333,2.8398325851965,0.426628338520288,1.18792256756726,1.00612899461521
"2040_2059_RCP45","283","DAR","18.48183333, -33.473","40-59","4.5",0.865887822777168,45.53,250,58,0.201388888888889,84,0.291666666666667,0.69047619047619,12,1,17.9515491925174,16.7326456327987,70.0348374012999,74.6112395857992,10,-6,1.20833333333333,0.933333333333333,2.8398325851965,0.426628338520288,1.18792256756726,1.00612899461521
"2040_2059_RCP45","284","DAR","18.48183333, -33.473","40-59","4.5",0.88734304595682,30.86,205,57,0.197916666666667,85,0.295138888888889,0.670588235294118,12,1,17.9515491925174,16.7326456327987,70.0348374012999,74.6112395857992,10,-6,1.21276595744681,0.934065934065934,2.8398325851965,0.426628338520288,1.18792256756726,1.00612899461521
"2040_2059_RCP45","285","DAR","18.48183333, -33.473","40-59","4.5",0.865321421168191,32.62,215,56,0.194444444444444,86,0.298611111111111,0.651162790697674,12,1,17.9515491925174,16.7326456327987,70.0348374012999,74.6112395857992,8,-4,1.16666666666667,0.955555555555556,2.8398325851965,0.426628338520288,1.18792256756726,1.00612899461521
"2040_2059_RCP45","286","DAR","18.48183333, -33.473","40-59","4.5",0.849165027367256,56.54,267,58,0.201388888888889,84,0.291666666666667,0.69047619047619,12,1,17.9515491925174,16.7326456327987,70.0348374012999,74.6112395857992,10,-6,1.20833333333333,0.933333333333333,2.8398325851965,0.426628338520288,1.18792256756726,1.00612899461521
"2040_2059_RCP45","114","ELB","18.367115, -32.33073","40-59","4.5",0.898868135336079,41.61,220,72,0.25,72,0.25,1,12,1,18.7535637559496,17.828518205517,64.5903845111777,67.8682288915573,2,-2,1.02857142857143,0.972972972972973,1.56547039789541,0.80092643609094,1.09107876977884,1.01255578053584
"2040_2059_RCP45","115","ELB","18.367115, -32.33073","40-59","4.5",0.931913125594032,27.64,210,72,0.25,72,0.25,1,12,1,18.7535637559496,17.828518205517,64.5903845111777,67.8682288915573,2,-2,1.02857142857143,0.972972972972973,1.56547039789541,0.80092643609094,1.09107876977884,1.01255578053584
"2040_2059_RCP45","116","ELB","18.367115, -32.33073","40-59","4.5",0.894837090765235,44.5,230,72,0.25,72,0.25,1,12,1,18.7535637559496,17.828518205517,64.5903845111777,67.8682288915573,1,-1,1.01408450704225,0.986301369863014,1.56547039789541,0.80092643609094,1.09107876977884,1.01255578053584
"2040_2059_RCP45","129","ELB","18.367115, -32.33073","40-59","4.5",0.898737280004088,46.16,245,72,0.25,72,0.25,1,12,1,18.7535637559496,17.828518205517,64.5903845111777,67.8682288915573,0,0,1,1,1.56547039789541,0.80092643609094,1.09107876977884,1.01255578053584
"2040_2059_RCP45","130","ELB","18.367115, -32.33073","40-59","4.5",0.904697476516551,34.71,210,72,0.25,72,0.25,1,12,1,18.7535637559496,17.828518205517,64.5903845111777,67.8682288915573,2,-2,1.02857142857143,0.972972972972973,1.56547039789541,0.80092643609094,1.09107876977884,1.01255578053584
"2040_2059_RCP45","132","ELB","18.367115, -32.33073","40-59","4.5",0.892909497311827,42.04,166,72,0.25,72,0.25,1,12,1,18.7535637559496,17.828518205517,64.5903845111777,67.8682288915573,2,-2,1.02857142857143,0.972972972972973,1.56547039789541,0.80092643609094,1.09107876977884,1.01255578053584
"2040_2059_RCP45","133","ELB","18.367115, -32.33073","40-59","4.5",0.90532577531119,34.16,212,72,0.25,72,0.25,1,12,1,18.7535637559496,17.828518205517,64.5903845111777,67.8682288915573,2,-2,1.02857142857143,0.972972972972973,1.56547039789541,0.80092643609094,1.09107876977884,1.01255578053584
"2040_2059_RCP45","28","ELB","18.367115, -32.33073","40-59","4.5",0.861137286787838,46.85,227,69,0.239583333333333,75,0.260416666666667,0.92,12,1,18.7535637559496,17.828518205517,64.5903845111777,67.8682288915573,-1,1,0.985714285714286,1.01351351351351,1.56547039789541,0.80092643609094,1.09107876977884,1.01255578053584
"2040_2059_RCP45","32","ELB","18.367115, -32.33073","40-59","4.5",0.856244460279514,51.86,233,69,0.239583333333333,75,0.260416666666667,0.92,12,1,18.7535637559496,17.828518205517,64.5903845111777,67.8682288915573,-1,1,0.985714285714286,1.01351351351351,1.56547039789541,0.80092643609094,1.09107876977884,1.01255578053584
"2040_2059_RCP45","33","ELB","18.367115, -32.33073","40-59","4.5",0.881059832685117,58.36,255,72,0.25,72,0.25,1,12,1,18.7535637559496,17.828518205517,64.5903845111777,67.8682288915573,0,0,1,1,1.56547039789541,0.80092643609094,1.09107876977884,1.01255578053584
"2040_2059_RCP45","34","ELB","18.367115, -32.33073","40-59","4.5",0.885625279964774,39.61,245,70,0.243055555555556,74,0.256944444444444,0.945945945945946,12,1,18.7535637559496,17.828518205517,64.5903845111777,67.8682288915573,0,0,1,1,1.56547039789541,0.80092643609094,1.09107876977884,1.01255578053584
"2040_2059_RCP45","36","ELB","18.367115, -32.33073","40-59","4.5",0.871889823001715,57.82,243,72,0.25,72,0.25,1,12,1,18.7535637559496,17.828518205517,64.5903845111777,67.8682288915573,2,-2,1.02857142857143,0.972972972972973,1.56547039789541,0.80092643609094,1.09107876977884,1.01255578053584
"2040_2059_RCP45","41","ELB","18.367115, -32.33073","40-59","4.5",0.855408548713634,40.43,235,66,0.229166666666667,78,0.270833333333333,0.846153846153846,12,1,18.7535637559496,17.828518205517,64.5903845111777,67.8682288915573,-2,2,0.970588235294118,1.02631578947368,1.56547039789541,0.80092643609094,1.09107876977884,1.01255578053584
"2040_2059_RCP45","12","JAB","17.87886, -32.98373","40-59","4.5",0.914567840428325,25.41,201,61,0.211805555555556,83,0.288194444444444,0.734939759036145,12,1,19.5607577418814,17.9787364713919,68.4061477999546,74.2729417360051,18,-18,1.41860465116279,0.821782178217822,3.20128612881076,0.111634853717121,1.19568395633591,1.00163460941298
"2040_2059_RCP45","138","JAB","17.87886, -32.98373","40-59","4.5",0.945268897492692,35.16,220,67,0.232638888888889,77,0.267361111111111,0.87012987012987,12,1,19.5607577418814,17.9787364713919,68.4061477999546,74.2729417360051,18,-18,1.36734693877551,0.810526315789474,3.20128612881076,0.111634853717121,1.19568395633591,1.00163460941298
"2040_2059_RCP45","139","JAB","17.87886, -32.98373","40-59","4.5",0.946690693561011,42.1,235,68,0.236111111111111,76,0.263888888888889,0.894736842105263,12,1,19.5607577418814,17.9787364713919,68.4061477999546,74.2729417360051,19,-19,1.38775510204082,0.8,3.20128612881076,0.111634853717121,1.19568395633591,1.00163460941298
"2040_2059_RCP45","148","JAB","17.87886, -32.98373","40-59","4.5",0.953690212582014,26.97,193,65,0.225694444444444,79,0.274305555555556,0.822784810126582,12,1,19.5607577418814,17.9787364713919,68.4061477999546,74.2729417360051,17,-17,1.35416666666667,0.822916666666667,3.20128612881076,0.111634853717121,1.19568395633591,1.00163460941298
"2040_2059_RCP45","15","JAB","17.87886, -32.98373","40-59","4.5",0.925677642897908,29.26,218,65,0.225694444444444,79,0.274305555555556,0.822784810126582,12,1,19.5607577418814,17.9787364713919,68.4061477999546,74.2729417360051,20,-20,1.44444444444444,0.797979797979798,3.20128612881076,0.111634853717121,1.19568395633591,1.00163460941298
"2040_2059_RCP45","150","JAB","17.87886, -32.98373","40-59","4.5",0.940046381026213,37.27,220,67,0.232638888888889,77,0.267361111111111,0.87012987012987,12,1,19.5607577418814,17.9787364713919,68.4061477999546,74.2729417360051,18,-18,1.36734693877551,0.810526315789474,3.20128612881076,0.111634853717121,1.19568395633591,1.00163460941298
"2040_2059_RCP45","151","JAB","17.87886, -32.98373","40-59","4.5",0.93729883595477,37.03,213,67,0.232638888888889,77,0.267361111111111,0.87012987012987,12,1,19.5607577418814,17.9787364713919,68.4061477999546,74.2729417360051,18,-18,1.36734693877551,0.810526315789474,3.20128612881076,0.111634853717121,1.19568395633591,1.00163460941298
"2040_2059_RCP45","152","JAB","17.87886, -32.98373","40-59","4.5",0.908721790669937,44.22,200,65,0.225694444444444,79,0.274305555555556,0.822784810126582,12,1,19.5607577418814,17.9787364713919,68.4061477999546,74.2729417360051,16,-16,1.3265306122449,0.831578947368421,3.20128612881076,0.111634853717121,1.19568395633591,1.00163460941298
"2040_2059_RCP45","153","JAB","17.87886, -32.98373","40-59","4.5",0.937197221520795,23.75,220,63,0.21875,81,0.28125,0.777777777777778,12,1,19.5607577418814,17.9787364713919,68.4061477999546,74.2729417360051,18,-18,1.4,0.818181818181818,3.20128612881076,0.111634853717121,1.19568395633591,1.00163460941298
"2040_2059_RCP45","154","JAB","17.87886, -32.98373","40-59","4.5",0.937393226285098,30.96,222,65,0.225694444444444,79,0.274305555555556,0.822784810126582,12,1,19.5607577418814,17.9787364713919,68.4061477999546,74.2729417360051,18,-18,1.38297872340426,0.814432989690722,3.20128612881076,0.111634853717121,1.19568395633591,1.00163460941298
"2040_2059_RCP45","155","JAB","17.87886, -32.98373","40-59","4.5",0.948119196619738,37.6,140,68,0.236111111111111,76,0.263888888888889,0.894736842105263,12,1,19.5607577418814,17.9787364713919,68.4061477999546,74.2729417360051,20,-20,1.41666666666667,0.791666666666667,3.20128612881076,0.111634853717121,1.19568395633591,1.00163460941298
"2040_2059_RCP45","156","JAB","17.87886, -32.98373","40-59","4.5",0.939354306780322,29.96,200,65,0.225694444444444,79,0.274305555555556,0.822784810126582,12,1,19.5607577418814,17.9787364713919,68.4061477999546,74.2729417360051,18,-18,1.38297872340426,0.814432989690722,3.20128612881076,0.111634853717121,1.19568395633591,1.00163460941298
"2040_2059_RCP45","19","JAB","17.87886, -32.98373","40-59","4.5",0.925204803339221,11.49,150,60,0.208333333333333,84,0.291666666666667,0.714285714285714,12,1,19.5607577418814,17.9787364713919,68.4061477999546,74.2729417360051,19,-19,1.46341463414634,0.815533980582524,3.20128612881076,0.111634853717121,1.19568395633591,1.00163460941298
"2040_2059_RCP45","21","JAB","17.87886, -32.98373","40-59","4.5",0.924673691387288,35.1,227,65,0.225694444444444,79,0.274305555555556,0.822784810126582,12,1,19.5607577418814,17.9787364713919,68.4061477999546,74.2729417360051,18,-18,1.38297872340426,0.814432989690722,3.20128612881076,0.111634853717121,1.19568395633591,1.00163460941298
"2040_2059_RCP45","23","JAB","17.87886, -32.98373","40-59","4.5",0.910839883817645,28.42,220,61,0.211805555555556,83,0.288194444444444,0.734939759036145,12,1,19.5607577418814,17.9787364713919,68.4061477999546,74.2729417360051,18,-18,1.41860465116279,0.821782178217822,3.20128612881076,0.111634853717121,1.19568395633591,1.00163460941298
"2040_2059_RCP45","255","LHO","25.6390895, -28.631946","40-59","4.5",0.931029938967727,17.21,165,81,0.28125,55,0.190972222222222,1.47272727272727,12,1,18.6408180129025,15.2717976640508,49.0179648293504,57.8863074127146,-2,7,0.975903614457831,1.14583333333333,0.905949961532681,0.546689292543334,1.05108298290738,1.01127862401987
"2040_2059_RCP45","256","LHO","25.6390895, -28.631946","40-59","4.5",0.89706318188918,20.84,215,81,0.28125,55,0.190972222222222,1.47272727272727,12,1,18.6408180129025,15.2717976640508,49.0179648293504,57.8863074127146,0,5,1,1.1,0.905949961532681,0.546689292543334,1.05108298290738,1.01127862401987
"2040_2059_RCP45","258","LHO","25.6390895, -28.631946","40-59","4.5",0.91537433602504,25.51,190,82,0.284722222222222,54,0.1875,1.51851851851852,12,1,18.6408180129025,15.2717976640508,49.0179648293504,57.8863074127146,-2,7,0.976190476190476,1.14893617021277,0.905949961532681,0.546689292543334,1.05108298290738,1.01127862401987
"2040_2059_RCP45","259","LHO","25.6390895, -28.631946","40-59","4.5",0.927723632218493,26.38,212,82,0.284722222222222,54,0.1875,1.51851851851852,12,1,18.6408180129025,15.2717976640508,49.0179648293504,57.8863074127146,-2,7,0.976190476190476,1.14893617021277,0.905949961532681,0.546689292543334,1.05108298290738,1.01127862401987
"2040_2059_RCP45","261","LHO","25.6390895, -28.631946","40-59","4.5",0.898349063414607,15.3,183,81,0.28125,55,0.190972222222222,1.47272727272727,12,1,18.6408180129025,15.2717976640508,49.0179648293504,57.8863074127146,2,3,1.0253164556962,1.05769230769231,0.905949961532681,0.546689292543334,1.05108298290738,1.01127862401987
"2040_2059_RCP45","262","LHO","25.6390895, -28.631946","40-59","4.5",0.916246426013149,19.51,215,82,0.284722222222222,54,0.1875,1.51851851851852,12,1,18.6408180129025,15.2717976640508,49.0179648293504,57.8863074127146,-1,6,0.987951807228916,1.125,0.905949961532681,0.546689292543334,1.05108298290738,1.01127862401987
"2040_2059_RCP45","269","LHO","25.6390895, -28.631946","40-59","4.5",0.901353682599406,16.38,130,81,0.28125,55,0.190972222222222,1.47272727272727,12,1,18.6408180129025,15.2717976640508,49.0179648293504,57.8863074127146,1,4,1.0125,1.07843137254902,0.905949961532681,0.546689292543334,1.05108298290738,1.01127862401987
"2040_2059_RCP45","270","LHO","25.6390895, -28.631946","40-59","4.5",0.907311130027434,17.27,175,80,0.277777777777778,56,0.194444444444444,1.42857142857143,12,1,18.6408180129025,15.2717976640508,49.0179648293504,57.8863074127146,-1,6,0.987654320987654,1.12,0.905949961532681,0.546689292543334,1.05108298290738,1.01127862401987
"2040_2059_RCP45","70","STE","17.76673, -29.29445","40-59","4.5",0.878952551518295,28.26,217,113,0.392361111111111,31,0.107638888888889,3.64516129032258,12,1,23.595321032141,19.7595654314486,45.0285419335776,54.2246947211198,26,-21,1.29885057471264,0.596153846153846,4.06164367768915,0.0577957211179196,1.20793031460425,1.00128518483649
"2040_2059_RCP45","71","STE","17.76673, -29.29445","40-59","4.5",0.860290711892574,35.64,240,113,0.392361111111111,31,0.107638888888889,3.64516129032258,12,1,23.595321032141,19.7595654314486,45.0285419335776,54.2246947211198,26,-21,1.29885057471264,0.596153846153846,4.06164367768915,0.0577957211179196,1.20793031460425,1.00128518483649
"2040_2059_RCP45","72","STE","17.76673, -29.29445","40-59","4.5",0.836607169301981,33.81,242,113,0.392361111111111,31,0.107638888888889,3.64516129032258,12,1,23.595321032141,19.7595654314486,45.0285419335776,54.2246947211198,25,-20,1.28409090909091,0.607843137254902,4.06164367768915,0.0577957211179196,1.20793031460425,1.00128518483649
"2040_2059_RCP45","73","STE","17.76673, -29.29445","40-59","4.5",0.856715448251354,29.47,192,113,0.392361111111111,31,0.107638888888889,3.64516129032258,12,1,23.595321032141,19.7595654314486,45.0285419335776,54.2246947211198,25,-20,1.28409090909091,0.607843137254902,4.06164367768915,0.0577957211179196,1.20793031460425,1.00128518483649
"2040_2059_RCP45","74","STE","17.76673, -29.29445","40-59","4.5",0.859836405593628,40.14,228,113,0.392361111111111,31,0.107638888888889,3.64516129032258,12,1,23.595321032141,19.7595654314486,45.0285419335776,54.2246947211198,25,-20,1.28409090909091,0.607843137254902,4.06164367768915,0.0577957211179196,1.20793031460425,1.00128518483649
"2040_2059_RCP45","75","STE","17.76673, -29.29445","40-59","4.5",0.87068857239463,30.86,197,113,0.392361111111111,31,0.107638888888889,3.64516129032258,12,1,23.595321032141,19.7595654314486,45.0285419335776,54.2246947211198,25,-20,1.28409090909091,0.607843137254902,4.06164367768915,0.0577957211179196,1.20793031460425,1.00128518483649
"2040_2059_RCP45","76","STE","17.76673, -29.29445","40-59","4.5",0.854749772970584,38.14,236,113,0.392361111111111,31,0.107638888888889,3.64516129032258,12,1,23.595321032141,19.7595654314486,45.0285419335776,54.2246947211198,26,-21,1.29885057471264,0.596153846153846,4.06164367768915,0.0577957211179196,1.20793031460425,1.00128518483649
"2040_2059_RCP45","78","STE","17.76673, -29.29445","40-59","4.5",0.832507022746943,32.99,220,113,0.392361111111111,31,0.107638888888889,3.64516129032258,12,1,23.595321032141,19.7595654314486,45.0285419335776,54.2246947211198,27,-22,1.31395348837209,0.584905660377358,4.06164367768915,0.0577957211179196,1.20793031460425,1.00128518483649
"2040_2059_RCP45","79","STE","17.76673, -29.29445","40-59","4.5",0.86553274224452,45,220,113,0.392361111111111,31,0.107638888888889,3.64516129032258,12,1,23.595321032141,19.7595654314486,45.0285419335776,54.2246947211198,24,-19,1.26966292134831,0.62,4.06164367768915,0.0577957211179196,1.20793031460425,1.00128518483649
"2040_2059_RCP45","80","STE","17.76673, -29.29445","40-59","4.5",0.879778142076455,26.31,228,113,0.392361111111111,31,0.107638888888889,3.64516129032258,12,1,23.595321032141,19.7595654314486,45.0285419335776,54.2246947211198,25,-20,1.28409090909091,0.607843137254902,4.06164367768915,0.0577957211179196,1.20793031460425,1.00128518483649
"2040_2059_RCP85","275","DAR","18.48183333, -33.473","40-59","8.5",0.861640922064713,31.99,212,58,0.201388888888889,84,0.291666666666667,0.69047619047619,12,1,18.3240061684764,17.0933971710454,69.9890190957925,74.6043122137268,10,-6,1.20833333333333,0.933333333333333,3.21228956115546,0.380810033012921,1.21256946809069,1.00547076326399
"2040_2059_RCP85","277","DAR","18.48183333, -33.473","40-59","8.5",0.867764988386521,51.94,220,62,0.215277777777778,80,0.277777777777778,0.775,12,1,18.3240061684764,17.0933971710454,69.9890190957925,74.6043122137268,14,-10,1.29166666666667,0.888888888888889,3.21228956115546,0.380810033012921,1.21256946809069,1.00547076326399
"2040_2059_RCP85","278","DAR","18.48183333, -33.473","40-59","8.5",0.890510570509502,63.2,260,62,0.215277777777778,80,0.277777777777778,0.775,12,1,18.3240061684764,17.0933971710454,69.9890190957925,74.6043122137268,12,-8,1.24,0.909090909090909,3.21228956115546,0.380810033012921,1.21256946809069,1.00547076326399
"2040_2059_RCP85","280","DAR","18.48183333, -33.473","40-59","8.5",0.868544356157645,48.88,256,62,0.215277777777778,80,0.277777777777778,0.775,12,1,18.3240061684764,17.0933971710454,69.9890190957925,74.6043122137268,14,-10,1.29166666666667,0.888888888888889,3.21228956115546,0.380810033012921,1.21256946809069,1.00547076326399
"2040_2059_RCP85","281","DAR","18.48183333, -33.473","40-59","8.5",0.863004856345143,34.66,235,58,0.201388888888889,84,0.291666666666667,0.69047619047619,12,1,18.3240061684764,17.0933971710454,69.9890190957925,74.6043122137268,10,-6,1.20833333333333,0.933333333333333,3.21228956115546,0.380810033012921,1.21256946809069,1.00547076326399
"2040_2059_RCP85","282","DAR","18.48183333, -33.473","40-59","8.5",0.861157579659448,55.75,250,62,0.215277777777778,80,0.277777777777778,0.775,12,1,18.3240061684764,17.0933971710454,69.9890190957925,74.6043122137268,14,-10,1.29166666666667,0.888888888888889,3.21228956115546,0.380810033012921,1.21256946809069,1.00547076326399
"2040_2059_RCP85","283","DAR","18.48183333, -33.473","40-59","8.5",0.865887822777168,45.53,250,62,0.215277777777778,80,0.277777777777778,0.775,12,1,18.3240061684764,17.0933971710454,69.9890190957925,74.6043122137268,14,-10,1.29166666666667,0.888888888888889,3.21228956115546,0.380810033012921,1.21256946809069,1.00547076326399
"2040_2059_RCP85","284","DAR","18.48183333, -33.473","40-59","8.5",0.88734304595682,30.86,205,62,0.215277777777778,80,0.277777777777778,0.775,12,1,18.3240061684764,17.0933971710454,69.9890190957925,74.6043122137268,15,-11,1.31914893617021,0.879120879120879,3.21228956115546,0.380810033012921,1.21256946809069,1.00547076326399
"2040_2059_RCP85","285","DAR","18.48183333, -33.473","40-59","8.5",0.865321421168191,32.62,215,58,0.201388888888889,84,0.291666666666667,0.69047619047619,12,1,18.3240061684764,17.0933971710454,69.9890190957925,74.6043122137268,10,-6,1.20833333333333,0.933333333333333,3.21228956115546,0.380810033012921,1.21256946809069,1.00547076326399
"2040_2059_RCP85","286","DAR","18.48183333, -33.473","40-59","8.5",0.849165027367256,56.54,267,62,0.215277777777778,80,0.277777777777778,0.775,12,1,18.3240061684764,17.0933971710454,69.9890190957925,74.6043122137268,14,-10,1.29166666666667,0.888888888888889,3.21228956115546,0.380810033012921,1.21256946809069,1.00547076326399
"2040_2059_RCP85","114","ELB","18.367115, -32.33073","40-59","8.5",0.898868135336079,41.61,220,74,0.256944444444444,70,0.243055555555556,1.05714285714286,12,1,19.1268055704086,18.1892980951088,64.5436375663483,67.8710810865304,4,-4,1.05714285714286,0.945945945945946,1.93871221235445,0.754179491261588,1.11279390750144,1.01182294871315
"2040_2059_RCP85","115","ELB","18.367115, -32.33073","40-59","8.5",0.931913125594032,27.64,210,74,0.256944444444444,70,0.243055555555556,1.05714285714286,12,1,19.1268055704086,18.1892980951088,64.5436375663483,67.8710810865304,4,-4,1.05714285714286,0.945945945945946,1.93871221235445,0.754179491261588,1.11279390750144,1.01182294871315
"2040_2059_RCP85","116","ELB","18.367115, -32.33073","40-59","8.5",0.894837090765235,44.5,230,75,0.260416666666667,69,0.239583333333333,1.08695652173913,12,1,19.1268055704086,18.1892980951088,64.5436375663483,67.8710810865304,4,-4,1.05633802816901,0.945205479452055,1.93871221235445,0.754179491261588,1.11279390750144,1.01182294871315
"2040_2059_RCP85","129","ELB","18.367115, -32.33073","40-59","8.5",0.898737280004088,46.16,245,75,0.260416666666667,69,0.239583333333333,1.08695652173913,12,1,19.1268055704086,18.1892980951088,64.5436375663483,67.8710810865304,3,-3,1.04166666666667,0.958333333333333,1.93871221235445,0.754179491261588,1.11279390750144,1.01182294871315
"2040_2059_RCP85","130","ELB","18.367115, -32.33073","40-59","8.5",0.904697476516551,34.71,210,74,0.256944444444444,70,0.243055555555556,1.05714285714286,12,1,19.1268055704086,18.1892980951088,64.5436375663483,67.8710810865304,4,-4,1.05714285714286,0.945945945945946,1.93871221235445,0.754179491261588,1.11279390750144,1.01182294871315
"2040_2059_RCP85","132","ELB","18.367115, -32.33073","40-59","8.5",0.892909497311827,42.04,166,74,0.256944444444444,70,0.243055555555556,1.05714285714286,12,1,19.1268055704086,18.1892980951088,64.5436375663483,67.8710810865304,4,-4,1.05714285714286,0.945945945945946,1.93871221235445,0.754179491261588,1.11279390750144,1.01182294871315
"2040_2059_RCP85","133","ELB","18.367115, -32.33073","40-59","8.5",0.90532577531119,34.16,212,74,0.256944444444444,70,0.243055555555556,1.05714285714286,12,1,19.1268055704086,18.1892980951088,64.5436375663483,67.8710810865304,4,-4,1.05714285714286,0.945945945945946,1.93871221235445,0.754179491261588,1.11279390750144,1.01182294871315
"2040_2059_RCP85","28","ELB","18.367115, -32.33073","40-59","8.5",0.861137286787838,46.85,227,73,0.253472222222222,71,0.246527777777778,1.02816901408451,12,1,19.1268055704086,18.1892980951088,64.5436375663483,67.8710810865304,3,-3,1.04285714285714,0.959459459459459,1.93871221235445,0.754179491261588,1.11279390750144,1.01182294871315
"2040_2059_RCP85","32","ELB","18.367115, -32.33073","40-59","8.5",0.856244460279514,51.86,233,73,0.253472222222222,71,0.246527777777778,1.02816901408451,12,1,19.1268055704086,18.1892980951088,64.5436375663483,67.8710810865304,3,-3,1.04285714285714,0.959459459459459,1.93871221235445,0.754179491261588,1.11279390750144,1.01182294871315
"2040_2059_RCP85","33","ELB","18.367115, -32.33073","40-59","8.5",0.881059832685117,58.36,255,76,0.263888888888889,68,0.236111111111111,1.11764705882353,12,1,19.1268055704086,18.1892980951088,64.5436375663483,67.8710810865304,4,-4,1.05555555555556,0.944444444444444,1.93871221235445,0.754179491261588,1.11279390750144,1.01182294871315
"2040_2059_RCP85","34","ELB","18.367115, -32.33073","40-59","8.5",0.885625279964774,39.61,245,74,0.256944444444444,70,0.243055555555556,1.05714285714286,12,1,19.1268055704086,18.1892980951088,64.5436375663483,67.8710810865304,4,-4,1.05714285714286,0.945945945945946,1.93871221235445,0.754179491261588,1.11279390750144,1.01182294871315
"2040_2059_RCP85","36","ELB","18.367115, -32.33073","40-59","8.5",0.871889823001715,57.82,243,75,0.260416666666667,69,0.239583333333333,1.08695652173913,12,1,19.1268055704086,18.1892980951088,64.5436375663483,67.8710810865304,5,-5,1.07142857142857,0.932432432432432,1.93871221235445,0.754179491261588,1.11279390750144,1.01182294871315
"2040_2059_RCP85","41","ELB","18.367115, -32.33073","40-59","8.5",0.855408548713634,40.43,235,71,0.246527777777778,73,0.253472222222222,0.972602739726027,12,1,19.1268055704086,18.1892980951088,64.5436375663483,67.8710810865304,3,-3,1.04411764705882,0.960526315789474,1.93871221235445,0.754179491261588,1.11279390750144,1.01182294871315
"2040_2059_RCP85","12","JAB","17.87886, -32.98373","40-59","8.5",0.914567840428325,25.41,201,66,0.229166666666667,78,0.270833333333333,0.846153846153846,12,1,19.9313278971021,18.3395044467689,68.3791356053747,74.278285889671,23,-23,1.53488372093023,0.772277227722772,3.5718562840314,0.0846226591371675,1.2183356754125,1.00123908430541
"2040_2059_RCP85","138","JAB","17.87886, -32.98373","40-59","8.5",0.945268897492692,35.16,220,73,0.253472222222222,71,0.246527777777778,1.02816901408451,12,1,19.9313278971021,18.3395044467689,68.3791356053747,74.278285889671,24,-24,1.48979591836735,0.747368421052632,3.5718562840314,0.0846226591371675,1.2183356754125,1.00123908430541
"2040_2059_RCP85","139","JAB","17.87886, -32.98373","40-59","8.5",0.946690693561011,42.1,235,74,0.256944444444444,70,0.243055555555556,1.05714285714286,12,1,19.9313278971021,18.3395044467689,68.3791356053747,74.278285889671,25,-25,1.51020408163265,0.736842105263158,3.5718562840314,0.0846226591371675,1.2183356754125,1.00123908430541
"2040_2059_RCP85","148","JAB","17.87886, -32.98373","40-59","8.5",0.953690212582014,26.97,193,72,0.25,72,0.25,1,12,1,19.9313278971021,18.3395044467689,68.3791356053747,74.278285889671,24,-24,1.5,0.75,3.5718562840314,0.0846226591371675,1.2183356754125,1.00123908430541
"2040_2059_RCP85","15","JAB","17.87886, -32.98373","40-59","8.5",0.925677642897908,29.26,218,70,0.243055555555556,74,0.256944444444444,0.945945945945946,12,1,19.9313278971021,18.3395044467689,68.3791356053747,74.278285889671,25,-25,1.55555555555556,0.747474747474748,3.5718562840314,0.0846226591371675,1.2183356754125,1.00123908430541
"2040_2059_RCP85","150","JAB","17.87886, -32.98373","40-59","8.5",0.940046381026213,37.27,220,73,0.253472222222222,71,0.246527777777778,1.02816901408451,12,1,19.9313278971021,18.3395044467689,68.3791356053747,74.278285889671,24,-24,1.48979591836735,0.747368421052632,3.5718562840314,0.0846226591371675,1.2183356754125,1.00123908430541
"2040_2059_RCP85","151","JAB","17.87886, -32.98373","40-59","8.5",0.93729883595477,37.03,213,73,0.253472222222222,71,0.246527777777778,1.02816901408451,12,1,19.9313278971021,18.3395044467689,68.3791356053747,74.278285889671,24,-24,1.48979591836735,0.747368421052632,3.5718562840314,0.0846226591371675,1.2183356754125,1.00123908430541
"2040_2059_RCP85","152","JAB","17.87886, -32.98373","40-59","8.5",0.908721790669937,44.22,200,73,0.253472222222222,71,0.246527777777778,1.02816901408451,12,1,19.9313278971021,18.3395044467689,68.3791356053747,74.278285889671,24,-24,1.48979591836735,0.747368421052632,3.5718562840314,0.0846226591371675,1.2183356754125,1.00123908430541
"2040_2059_RCP85","153","JAB","17.87886, -32.98373","40-59","8.5",0.937197221520795,23.75,220,67,0.232638888888889,77,0.267361111111111,0.87012987012987,12,1,19.9313278971021,18.3395044467689,68.3791356053747,74.278285889671,22,-22,1.48888888888889,0.777777777777778,3.5718562840314,0.0846226591371675,1.2183356754125,1.00123908430541
"2040_2059_RCP85","154","JAB","17.87886, -32.98373","40-59","8.5",0.937393226285098,30.96,222,71,0.246527777777778,73,0.253472222222222,0.972602739726027,12,1,19.9313278971021,18.3395044467689,68.3791356053747,74.278285889671,24,-24,1.51063829787234,0.752577319587629,3.5718562840314,0.0846226591371675,1.2183356754125,1.00123908430541
"2040_2059_RCP85","155","JAB","17.87886, -32.98373","40-59","8.5",0.948119196619738,37.6,140,74,0.256944444444444,70,0.243055555555556,1.05714285714286,12,1,19.9313278971021,18.3395044467689,68.3791356053747,74.278285889671,26,-26,1.54166666666667,0.729166666666667,3.5718562840314,0.0846226591371675,1.2183356754125,1.00123908430541
"2040_2059_RCP85","156","JAB","17.87886, -32.98373","40-59","8.5",0.939354306780322,29.96,200,71,0.246527777777778,73,0.253472222222222,0.972602739726027,12,1,19.9313278971021,18.3395044467689,68.3791356053747,74.278285889671,24,-24,1.51063829787234,0.752577319587629,3.5718562840314,0.0846226591371675,1.2183356754125,1.00123908430541
"2040_2059_RCP85","19","JAB","17.87886, -32.98373","40-59","8.5",0.925204803339221,11.49,150,61,0.211805555555556,83,0.288194444444444,0.734939759036145,12,1,19.9313278971021,18.3395044467689,68.3791356053747,74.278285889671,20,-20,1.48780487804878,0.805825242718447,3.5718562840314,0.0846226591371675,1.2183356754125,1.00123908430541
"2040_2059_RCP85","21","JAB","17.87886, -32.98373","40-59","8.5",0.924673691387288,35.1,227,71,0.246527777777778,73,0.253472222222222,0.972602739726027,12,1,19.9313278971021,18.3395044467689,68.3791356053747,74.278285889671,24,-24,1.51063829787234,0.752577319587629,3.5718562840314,0.0846226591371675,1.2183356754125,1.00123908430541
"2040_2059_RCP85","23","JAB","17.87886, -32.98373","40-59","8.5",0.910839883817645,28.42,220,66,0.229166666666667,78,0.270833333333333,0.846153846153846,12,1,19.9313278971021,18.3395044467689,68.3791356053747,74.278285889671,23,-23,1.53488372093023,0.772277227722772,3.5718562840314,0.0846226591371675,1.2183356754125,1.00123908430541
"2040_2059_RCP85","255","LHO","25.6390895, -28.631946","40-59","8.5",0.931029938967727,17.21,165,86,0.298611111111111,51,0.177083333333333,1.68627450980392,12,1,19.3150637034555,15.9259637628557,48.9814859917182,57.8856182363572,3,3,1.03614457831325,1.0625,1.58019565208564,0.510210454911068,1.08910106618829,1.01052603731304
"2040_2059_RCP85","256","LHO","25.6390895, -28.631946","40-59","8.5",0.89706318188918,20.84,215,84,0.291666666666667,53,0.184027777777778,1.58490566037736,12,1,19.3150637034555,15.9259637628557,48.9814859917182,57.8856182363572,3,3,1.03703703703704,1.06,1.58019565208564,0.510210454911068,1.08910106618829,1.01052603731304
"2040_2059_RCP85","258","LHO","25.6390895, -28.631946","40-59","8.5",0.91537433602504,25.51,190,86,0.298611111111111,51,0.177083333333333,1.68627450980392,12,1,19.3150637034555,15.9259637628557,48.9814859917182,57.8856182363572,2,4,1.02380952380952,1.08510638297872,1.58019565208564,0.510210454911068,1.08910106618829,1.01052603731304
"2040_2059_RCP85","259","LHO","25.6390895, -28.631946","40-59","8.5",0.927723632218493,26.38,212,86,0.298611111111111,51,0.177083333333333,1.68627450980392,12,1,19.3150637034555,15.9259637628557,48.9814859917182,57.8856182363572,2,4,1.02380952380952,1.08510638297872,1.58019565208564,0.510210454911068,1.08910106618829,1.01052603731304
"2040_2059_RCP85","261","LHO","25.6390895, -28.631946","40-59","8.5",0.898349063414607,15.3,183,83,0.288194444444444,54,0.1875,1.53703703703704,12,1,19.3150637034555,15.9259637628557,48.9814859917182,57.8856182363572,4,2,1.05063291139241,1.03846153846154,1.58019565208564,0.510210454911068,1.08910106618829,1.01052603731304
"2040_2059_RCP85","262","LHO","25.6390895, -28.631946","40-59","8.5",0.916246426013149,19.51,215,85,0.295138888888889,52,0.180555555555556,1.63461538461538,12,1,19.3150637034555,15.9259637628557,48.9814859917182,57.8856182363572,2,4,1.02409638554217,1.08333333333333,1.58019565208564,0.510210454911068,1.08910106618829,1.01052603731304
"2040_2059_RCP85","269","LHO","25.6390895, -28.631946","40-59","8.5",0.901353682599406,16.38,130,84,0.291666666666667,53,0.184027777777778,1.58490566037736,12,1,19.3150637034555,15.9259637628557,48.9814859917182,57.8856182363572,4,2,1.05,1.03921568627451,1.58019565208564,0.510210454911068,1.08910106618829,1.01052603731304
"2040_2059_RCP85","270","LHO","25.6390895, -28.631946","40-59","8.5",0.907311130027434,17.27,175,84,0.291666666666667,53,0.184027777777778,1.58490566037736,12,1,19.3150637034555,15.9259637628557,48.9814859917182,57.8856182363572,3,3,1.03703703703704,1.06,1.58019565208564,0.510210454911068,1.08910106618829,1.01052603731304
"2040_2059_RCP85","70","STE","17.76673, -29.29445","40-59","8.5",0.878952551518295,28.26,217,113,0.392361111111111,31,0.107638888888889,3.64516129032258,12,1,24.131053267862,20.2753990314061,45.0000701610931,54.2302080518146,26,-21,1.29885057471264,0.596153846153846,4.59737591341023,0.0293239486334187,1.23535639654468,1.00065206720153
"2040_2059_RCP85","71","STE","17.76673, -29.29445","40-59","8.5",0.860290711892574,35.64,240,113,0.392361111111111,31,0.107638888888889,3.64516129032258,12,1,24.131053267862,20.2753990314061,45.0000701610931,54.2302080518146,26,-21,1.29885057471264,0.596153846153846,4.59737591341023,0.0293239486334187,1.23535639654468,1.00065206720153
"2040_2059_RCP85","72","STE","17.76673, -29.29445","40-59","8.5",0.836607169301981,33.81,242,113,0.392361111111111,31,0.107638888888889,3.64516129032258,12,1,24.131053267862,20.2753990314061,45.0000701610931,54.2302080518146,25,-20,1.28409090909091,0.607843137254902,4.59737591341023,0.0293239486334187,1.23535639654468,1.00065206720153
"2040_2059_RCP85","73","STE","17.76673, -29.29445","40-59","8.5",0.856715448251354,29.47,192,113,0.392361111111111,31,0.107638888888889,3.64516129032258,12,1,24.131053267862,20.2753990314061,45.0000701610931,54.2302080518146,25,-20,1.28409090909091,0.607843137254902,4.59737591341023,0.0293239486334187,1.23535639654468,1.00065206720153
"2040_2059_RCP85","74","STE","17.76673, -29.29445","40-59","8.5",0.859836405593628,40.14,228,114,0.395833333333333,30,0.104166666666667,3.8,12,1,24.131053267862,20.2753990314061,45.0000701610931,54.2302080518146,26,-21,1.29545454545455,0.588235294117647,4.59737591341023,0.0293239486334187,1.23535639654468,1.00065206720153
"2040_2059_RCP85","75","STE","17.76673, -29.29445","40-59","8.5",0.87068857239463,30.86,197,113,0.392361111111111,31,0.107638888888889,3.64516129032258,12,1,24.131053267862,20.2753990314061,45.0000701610931,54.2302080518146,25,-20,1.28409090909091,0.607843137254902,4.59737591341023,0.0293239486334187,1.23535639654468,1.00065206720153
"2040_2059_RCP85","76","STE","17.76673, -29.29445","40-59","8.5",0.854749772970584,38.14,236,113,0.392361111111111,31,0.107638888888889,3.64516129032258,12,1,24.131053267862,20.2753990314061,45.0000701610931,54.2302080518146,26,-21,1.29885057471264,0.596153846153846,4.59737591341023,0.0293239486334187,1.23535639654468,1.00065206720153
"2040_2059_RCP85","78","STE","17.76673, -29.29445","40-59","8.5",0.832507022746943,32.99,220,113,0.392361111111111,31,0.107638888888889,3.64516129032258,12,1,24.131053267862,20.2753990314061,45.0000701610931,54.2302080518146,27,-22,1.31395348837209,0.584905660377358,4.59737591341023,0.0293239486334187,1.23535639654468,1.00065206720153
"2040_2059_RCP85","79","STE","17.76673, -29.29445","40-59","8.5",0.86553274224452,45,220,114,0.395833333333333,30,0.104166666666667,3.8,12,1,24.131053267862,20.2753990314061,45.0000701610931,54.2302080518146,25,-20,1.28089887640449,0.6,4.59737591341023,0.0293239486334187,1.23535639654468,1.00065206720153
"2040_2059_RCP85","80","STE","17.76673, -29.29445","40-59","8.5",0.879778142076455,26.31,228,113,0.392361111111111,31,0.107638888888889,3.64516129032258,12,1,24.131053267862,20.2753990314061,45.0000701610931,54.2302080518146,25,-20,1.28409090909091,0.607843137254902,4.59737591341023,0.0293239486334187,1.23535639654468,1.00065206720153
"2080_2099_RCP45","275","DAR","18.48183333, -33.473","80-99","4.5",0.861640922064713,31.99,212,58,0.201388888888889,84,0.291666666666667,0.69047619047619,12,1,18.3703092734053,17.1386443858346,69.9823300125481,74.6033413303068,10,-6,1.20833333333333,0.933333333333333,3.25859266608437,0.374120949768539,1.21563352137677,1.0053746670803
"2080_2099_RCP45","277","DAR","18.48183333, -33.473","80-99","4.5",0.867764988386521,51.94,220,62,0.215277777777778,80,0.277777777777778,0.775,12,1,18.3703092734053,17.1386443858346,69.9823300125481,74.6033413303068,14,-10,1.29166666666667,0.888888888888889,3.25859266608437,0.374120949768539,1.21563352137677,1.0053746670803
"2080_2099_RCP45","278","DAR","18.48183333, -33.473","80-99","4.5",0.890510570509502,63.2,260,62,0.215277777777778,80,0.277777777777778,0.775,12,1,18.3703092734053,17.1386443858346,69.9823300125481,74.6033413303068,12,-8,1.24,0.909090909090909,3.25859266608437,0.374120949768539,1.21563352137677,1.0053746670803
"2080_2099_RCP45","280","DAR","18.48183333, -33.473","80-99","4.5",0.868544356157645,48.88,256,62,0.215277777777778,80,0.277777777777778,0.775,12,1,18.3703092734053,17.1386443858346,69.9823300125481,74.6033413303068,14,-10,1.29166666666667,0.888888888888889,3.25859266608437,0.374120949768539,1.21563352137677,1.0053746670803
"2080_2099_RCP45","281","DAR","18.48183333, -33.473","80-99","4.5",0.863004856345143,34.66,235,59,0.204861111111111,83,0.288194444444444,0.710843373493976,12,1,18.3703092734053,17.1386443858346,69.9823300125481,74.6033413303068,11,-7,1.22916666666667,0.922222222222222,3.25859266608437,0.374120949768539,1.21563352137677,1.0053746670803
"2080_2099_RCP45","282","DAR","18.48183333, -33.473","80-99","4.5",0.861157579659448,55.75,250,62,0.215277777777778,80,0.277777777777778,0.775,12,1,18.3703092734053,17.1386443858346,69.9823300125481,74.6033413303068,14,-10,1.29166666666667,0.888888888888889,3.25859266608437,0.374120949768539,1.21563352137677,1.0053746670803
"2080_2099_RCP45","283","DAR","18.48183333, -33.473","80-99","4.5",0.865887822777168,45.53,250,62,0.215277777777778,80,0.277777777777778,0.775,12,1,18.3703092734053,17.1386443858346,69.9823300125481,74.6033413303068,14,-10,1.29166666666667,0.888888888888889,3.25859266608437,0.374120949768539,1.21563352137677,1.0053746670803
"2080_2099_RCP45","284","DAR","18.48183333, -33.473","80-99","4.5",0.88734304595682,30.86,205,60,0.208333333333333,82,0.284722222222222,0.731707317073171,12,1,18.3703092734053,17.1386443858346,69.9823300125481,74.6033413303068,13,-9,1.27659574468085,0.901098901098901,3.25859266608437,0.374120949768539,1.21563352137677,1.0053746670803
"2080_2099_RCP45","285","DAR","18.48183333, -33.473","80-99","4.5",0.865321421168191,32.62,215,59,0.204861111111111,83,0.288194444444444,0.710843373493976,12,1,18.3703092734053,17.1386443858346,69.9823300125481,74.6033413303068,11,-7,1.22916666666667,0.922222222222222,3.25859266608437,0.374120949768539,1.21563352137677,1.0053746670803
"2080_2099_RCP45","286","DAR","18.48183333, -33.473","80-99","4.5",0.849165027367256,56.54,267,62,0.215277777777778,80,0.277777777777778,0.775,12,1,18.3703092734053,17.1386443858346,69.9823300125481,74.6033413303068,14,-10,1.29166666666667,0.888888888888889,3.25859266608437,0.374120949768539,1.21563352137677,1.0053746670803
"2080_2099_RCP45","114","ELB","18.367115, -32.33073","80-99","4.5",0.898868135336079,41.61,220,75,0.260416666666667,69,0.239583333333333,1.08695652173913,12,1,19.1739901144733,18.2345636099126,64.5377543118889,67.8714518559178,5,-5,1.07142857142857,0.932432432432432,1.9858967564191,0.74829623680214,1.11553909529404,1.01173071945401
"2080_2099_RCP45","115","ELB","18.367115, -32.33073","80-99","4.5",0.931913125594032,27.64,210,75,0.260416666666667,69,0.239583333333333,1.08695652173913,12,1,19.1739901144733,18.2345636099126,64.5377543118889,67.8714518559178,5,-5,1.07142857142857,0.932432432432432,1.9858967564191,0.74829623680214,1.11553909529404,1.01173071945401
"2080_2099_RCP45","116","ELB","18.367115, -32.33073","80-99","4.5",0.894837090765235,44.5,230,76,0.263888888888889,68,0.236111111111111,1.11764705882353,12,1,19.1739901144733,18.2345636099126,64.5377543118889,67.8714518559178,5,-5,1.07042253521127,0.931506849315068,1.9858967564191,0.74829623680214,1.11553909529404,1.01173071945401
"2080_2099_RCP45","129","ELB","18.367115, -32.33073","80-99","4.5",0.898737280004088,46.16,245,76,0.263888888888889,68,0.236111111111111,1.11764705882353,12,1,19.1739901144733,18.2345636099126,64.5377543118889,67.8714518559178,4,-4,1.05555555555556,0.944444444444444,1.9858967564191,0.74829623680214,1.11553909529404,1.01173071945401
"2080_2099_RCP45","130","ELB","18.367115, -32.33073","80-99","4.5",0.904697476516551,34.71,210,75,0.260416666666667,69,0.239583333333333,1.08695652173913,12,1,19.1739901144733,18.2345636099126,64.5377543118889,67.8714518559178,5,-5,1.07142857142857,0.932432432432432,1.9858967564191,0.74829623680214,1.11553909529404,1.01173071945401
"2080_2099_RCP45","132","ELB","18.367115, -32.33073","80-99","4.5",0.892909497311827,42.04,166,75,0.260416666666667,69,0.239583333333333,1.08695652173913,12,1,19.1739901144733,18.2345636099126,64.5377543118889,67.8714518559178,5,-5,1.07142857142857,0.932432432432432,1.9858967564191,0.74829623680214,1.11553909529404,1.01173071945401
"2080_2099_RCP45","133","ELB","18.367115, -32.33073","80-99","4.5",0.90532577531119,34.16,212,75,0.260416666666667,69,0.239583333333333,1.08695652173913,12,1,19.1739901144733,18.2345636099126,64.5377543118889,67.8714518559178,5,-5,1.07142857142857,0.932432432432432,1.9858967564191,0.74829623680214,1.11553909529404,1.01173071945401
"2080_2099_RCP45","28","ELB","18.367115, -32.33073","80-99","4.5",0.861137286787838,46.85,227,74,0.256944444444444,70,0.243055555555556,1.05714285714286,12,1,19.1739901144733,18.2345636099126,64.5377543118889,67.8714518559178,4,-4,1.05714285714286,0.945945945945946,1.9858967564191,0.74829623680214,1.11553909529404,1.01173071945401
"2080_2099_RCP45","32","ELB","18.367115, -32.33073","80-99","4.5",0.856244460279514,51.86,233,74,0.256944444444444,70,0.243055555555556,1.05714285714286,12,1,19.1739901144733,18.2345636099126,64.5377543118889,67.8714518559178,4,-4,1.05714285714286,0.945945945945946,1.9858967564191,0.74829623680214,1.11553909529404,1.01173071945401
"2080_2099_RCP45","33","ELB","18.367115, -32.33073","80-99","4.5",0.881059832685117,58.36,255,76,0.263888888888889,68,0.236111111111111,1.11764705882353,12,1,19.1739901144733,18.2345636099126,64.5377543118889,67.8714518559178,4,-4,1.05555555555556,0.944444444444444,1.9858967564191,0.74829623680214,1.11553909529404,1.01173071945401
"2080_2099_RCP45","34","ELB","18.367115, -32.33073","80-99","4.5",0.885625279964774,39.61,245,74,0.256944444444444,70,0.243055555555556,1.05714285714286,12,1,19.1739901144733,18.2345636099126,64.5377543118889,67.8714518559178,4,-4,1.05714285714286,0.945945945945946,1.9858967564191,0.74829623680214,1.11553909529404,1.01173071945401
"2080_2099_RCP45","36","ELB","18.367115, -32.33073","80-99","4.5",0.871889823001715,57.82,243,76,0.263888888888889,68,0.236111111111111,1.11764705882353,12,1,19.1739901144733,18.2345636099126,64.5377543118889,67.8714518559178,6,-6,1.08571428571429,0.918918918918919,1.9858967564191,0.74829623680214,1.11553909529404,1.01173071945401
"2080_2099_RCP45","41","ELB","18.367115, -32.33073","80-99","4.5",0.855408548713634,40.43,235,71,0.246527777777778,73,0.253472222222222,0.972602739726027,12,1,19.1739901144733,18.2345636099126,64.5377543118889,67.8714518559178,3,-3,1.04411764705882,0.960526315789474,1.9858967564191,0.74829623680214,1.11553909529404,1.01173071945401
"2080_2099_RCP45","12","JAB","17.87886, -32.98373","80-99","4.5",0.914567840428325,25.41,201,67,0.232638888888889,77,0.267361111111111,0.87012987012987,12,1,19.982943840584,18.3847778138515,68.3617686074312,74.2789894665494,24,-24,1.55813953488372,0.762376237623762,3.62347222751329,0.0672556611937125,1.22149078608494,1.00098478864981
"2080_2099_RCP45","138","JAB","17.87886, -32.98373","80-99","4.5",0.945268897492692,35.16,220,74,0.256944444444444,70,0.243055555555556,1.05714285714286,12,1,19.982943840584,18.3847778138515,68.3617686074312,74.2789894665494,25,-25,1.51020408163265,0.736842105263158,3.62347222751329,0.0672556611937125,1.22149078608494,1.00098478864981
"2080_2099_RCP45","139","JAB","17.87886, -32.98373","80-99","4.5",0.946690693561011,42.1,235,75,0.260416666666667,69,0.239583333333333,1.08695652173913,12,1,19.982943840584,18.3847778138515,68.3617686074312,74.2789894665494,26,-26,1.53061224489796,0.726315789473684,3.62347222751329,0.0672556611937125,1.22149078608494,1.00098478864981
"2080_2099_RCP45","148","JAB","17.87886, -32.98373","80-99","4.5",0.953690212582014,26.97,193,73,0.253472222222222,71,0.246527777777778,1.02816901408451,12,1,19.982943840584,18.3847778138515,68.3617686074312,74.2789894665494,25,-25,1.52083333333333,0.739583333333333,3.62347222751329,0.0672556611937125,1.22149078608494,1.00098478864981
"2080_2099_RCP45","15","JAB","17.87886, -32.98373","80-99","4.5",0.925677642897908,29.26,218,71,0.246527777777778,73,0.253472222222222,0.972602739726027,12,1,19.982943840584,18.3847778138515,68.3617686074312,74.2789894665494,26,-26,1.57777777777778,0.737373737373737,3.62347222751329,0.0672556611937125,1.22149078608494,1.00098478864981
"2080_2099_RCP45","150","JAB","17.87886, -32.98373","80-99","4.5",0.940046381026213,37.27,220,74,0.256944444444444,70,0.243055555555556,1.05714285714286,12,1,19.982943840584,18.3847778138515,68.3617686074312,74.2789894665494,25,-25,1.51020408163265,0.736842105263158,3.62347222751329,0.0672556611937125,1.22149078608494,1.00098478864981
"2080_2099_RCP45","151","JAB","17.87886, -32.98373","80-99","4.5",0.93729883595477,37.03,213,74,0.256944444444444,70,0.243055555555556,1.05714285714286,12,1,19.982943840584,18.3847778138515,68.3617686074312,74.2789894665494,25,-25,1.51020408163265,0.736842105263158,3.62347222751329,0.0672556611937125,1.22149078608494,1.00098478864981
"2080_2099_RCP45","152","JAB","17.87886, -32.98373","80-99","4.5",0.908721790669937,44.22,200,73,0.253472222222222,71,0.246527777777778,1.02816901408451,12,1,19.982943840584,18.3847778138515,68.3617686074312,74.2789894665494,24,-24,1.48979591836735,0.747368421052632,3.62347222751329,0.0672556611937125,1.22149078608494,1.00098478864981
"2080_2099_RCP45","153","JAB","17.87886, -32.98373","80-99","4.5",0.937197221520795,23.75,220,70,0.243055555555556,74,0.256944444444444,0.945945945945946,12,1,19.982943840584,18.3847778138515,68.3617686074312,74.2789894665494,25,-25,1.55555555555556,0.747474747474748,3.62347222751329,0.0672556611937125,1.22149078608494,1.00098478864981
"2080_2099_RCP45","154","JAB","17.87886, -32.98373","80-99","4.5",0.937393226285098,30.96,222,73,0.253472222222222,71,0.246527777777778,1.02816901408451,12,1,19.982943840584,18.3847778138515,68.3617686074312,74.2789894665494,26,-26,1.5531914893617,0.731958762886598,3.62347222751329,0.0672556611937125,1.22149078608494,1.00098478864981
"2080_2099_RCP45","155","JAB","17.87886, -32.98373","80-99","4.5",0.948119196619738,37.6,140,74,0.256944444444444,70,0.243055555555556,1.05714285714286,12,1,19.982943840584,18.3847778138515,68.3617686074312,74.2789894665494,26,-26,1.54166666666667,0.729166666666667,3.62347222751329,0.0672556611937125,1.22149078608494,1.00098478864981
"2080_2099_RCP45","156","JAB","17.87886, -32.98373","80-99","4.5",0.939354306780322,29.96,200,73,0.253472222222222,71,0.246527777777778,1.02816901408451,12,1,19.982943840584,18.3847778138515,68.3617686074312,74.2789894665494,26,-26,1.5531914893617,0.731958762886598,3.62347222751329,0.0672556611937125,1.22149078608494,1.00098478864981
"2080_2099_RCP45","19","JAB","17.87886, -32.98373","80-99","4.5",0.925204803339221,11.49,150,61,0.211805555555556,83,0.288194444444444,0.734939759036145,12,1,19.982943840584,18.3847778138515,68.3617686074312,74.2789894665494,20,-20,1.48780487804878,0.805825242718447,3.62347222751329,0.0672556611937125,1.22149078608494,1.00098478864981
"2080_2099_RCP45","21","JAB","17.87886, -32.98373","80-99","4.5",0.924673691387288,35.1,227,73,0.253472222222222,71,0.246527777777778,1.02816901408451,12,1,19.982943840584,18.3847778138515,68.3617686074312,74.2789894665494,26,-26,1.5531914893617,0.731958762886598,3.62347222751329,0.0672556611937125,1.22149078608494,1.00098478864981
"2080_2099_RCP45","23","JAB","17.87886, -32.98373","80-99","4.5",0.910839883817645,28.42,220,67,0.232638888888889,77,0.267361111111111,0.87012987012987,12,1,19.982943840584,18.3847778138515,68.3617686074312,74.2789894665494,24,-24,1.55813953488372,0.762376237623762,3.62347222751329,0.0672556611937125,1.22149078608494,1.00098478864981
"2080_2099_RCP45","255","LHO","25.6390895, -28.631946","80-99","4.5",0.931029938967727,17.21,165,85,0.295138888888889,52,0.180555555555556,1.63461538461538,12,1,19.3810546286832,15.9858812202184,48.9473915541556,57.885516811287,2,4,1.02409638554217,1.08333333333333,1.64618657731339,0.476116017348517,1.09282203693566,1.00982264262856
"2080_2099_RCP45","256","LHO","25.6390895, -28.631946","80-99","4.5",0.89706318188918,20.84,215,84,0.291666666666667,53,0.184027777777778,1.58490566037736,12,1,19.3810546286832,15.9858812202184,48.9473915541556,57.885516811287,3,3,1.03703703703704,1.06,1.64618657731339,0.476116017348517,1.09282203693566,1.00982264262856
"2080_2099_RCP45","258","LHO","25.6390895, -28.631946","80-99","4.5",0.91537433602504,25.51,190,88,0.305555555555556,49,0.170138888888889,1.79591836734694,12,1,19.3810546286832,15.9858812202184,48.9473915541556,57.885516811287,4,2,1.04761904761905,1.04255319148936,1.64618657731339,0.476116017348517,1.09282203693566,1.00982264262856
"2080_2099_RCP45","259","LHO","25.6390895, -28.631946","80-99","4.5",0.927723632218493,26.38,212,88,0.305555555555556,49,0.170138888888889,1.79591836734694,12,1,19.3810546286832,15.9858812202184,48.9473915541556,57.885516811287,4,2,1.04761904761905,1.04255319148936,1.64618657731339,0.476116017348517,1.09282203693566,1.00982264262856
"2080_2099_RCP45","261","LHO","25.6390895, -28.631946","80-99","4.5",0.898349063414607,15.3,183,83,0.288194444444444,54,0.1875,1.53703703703704,12,1,19.3810546286832,15.9858812202184,48.9473915541556,57.885516811287,4,2,1.05063291139241,1.03846153846154,1.64618657731339,0.476116017348517,1.09282203693566,1.00982264262856
"2080_2099_RCP45","262","LHO","25.6390895, -28.631946","80-99","4.5",0.916246426013149,19.51,215,85,0.295138888888889,52,0.180555555555556,1.63461538461538,12,1,19.3810546286832,15.9858812202184,48.9473915541556,57.885516811287,2,4,1.02409638554217,1.08333333333333,1.64618657731339,0.476116017348517,1.09282203693566,1.00982264262856
"2080_2099_RCP45","269","LHO","25.6390895, -28.631946","80-99","4.5",0.901353682599406,16.38,130,83,0.288194444444444,54,0.1875,1.53703703703704,12,1,19.3810546286832,15.9858812202184,48.9473915541556,57.885516811287,3,3,1.0375,1.05882352941176,1.64618657731339,0.476116017348517,1.09282203693566,1.00982264262856
"2080_2099_RCP45","270","LHO","25.6390895, -28.631946","80-99","4.5",0.907311130027434,17.27,175,83,0.288194444444444,54,0.1875,1.53703703703704,12,1,19.3810546286832,15.9858812202184,48.9473915541556,57.885516811287,2,4,1.02469135802469,1.08,1.64618657731339,0.476116017348517,1.09282203693566,1.00982264262856
"2080_2099_RCP45","70","STE","17.76673, -29.29445","80-99","4.5",0.878952551518295,28.26,217,113,0.392361111111111,31,0.107638888888889,3.64516129032258,12,1,24.1116866390105,20.2532440891044,44.9828484786499,54.2300756628295,26,-21,1.29885057471264,0.596153846153846,4.57800928455869,0.0121022661902543,1.23436494836521,1.00026911419555
"2080_2099_RCP45","71","STE","17.76673, -29.29445","80-99","4.5",0.860290711892574,35.64,240,113,0.392361111111111,31,0.107638888888889,3.64516129032258,12,1,24.1116866390105,20.2532440891044,44.9828484786499,54.2300756628295,26,-21,1.29885057471264,0.596153846153846,4.57800928455869,0.0121022661902543,1.23436494836521,1.00026911419555
"2080_2099_RCP45","72","STE","17.76673, -29.29445","80-99","4.5",0.836607169301981,33.81,242,113,0.392361111111111,31,0.107638888888889,3.64516129032258,12,1,24.1116866390105,20.2532440891044,44.9828484786499,54.2300756628295,25,-20,1.28409090909091,0.607843137254902,4.57800928455869,0.0121022661902543,1.23436494836521,1.00026911419555
"2080_2099_RCP45","73","STE","17.76673, -29.29445","80-99","4.5",0.856715448251354,29.47,192,113,0.392361111111111,31,0.107638888888889,3.64516129032258,12,1,24.1116866390105,20.2532440891044,44.9828484786499,54.2300756628295,25,-20,1.28409090909091,0.607843137254902,4.57800928455869,0.0121022661902543,1.23436494836521,1.00026911419555
"2080_2099_RCP45","74","STE","17.76673, -29.29445","80-99","4.5",0.859836405593628,40.14,228,114,0.395833333333333,30,0.104166666666667,3.8,12,1,24.1116866390105,20.2532440891044,44.9828484786499,54.2300756628295,26,-21,1.29545454545455,0.588235294117647,4.57800928455869,0.0121022661902543,1.23436494836521,1.00026911419555
"2080_2099_RCP45","75","STE","17.76673, -29.29445","80-99","4.5",0.87068857239463,30.86,197,113,0.392361111111111,31,0.107638888888889,3.64516129032258,12,1,24.1116866390105,20.2532440891044,44.9828484786499,54.2300756628295,25,-20,1.28409090909091,0.607843137254902,4.57800928455869,0.0121022661902543,1.23436494836521,1.00026911419555
"2080_2099_RCP45","76","STE","17.76673, -29.29445","80-99","4.5",0.854749772970584,38.14,236,113,0.392361111111111,31,0.107638888888889,3.64516129032258,12,1,24.1116866390105,20.2532440891044,44.9828484786499,54.2300756628295,26,-21,1.29885057471264,0.596153846153846,4.57800928455869,0.0121022661902543,1.23436494836521,1.00026911419555
"2080_2099_RCP45","78","STE","17.76673, -29.29445","80-99","4.5",0.832507022746943,32.99,220,113,0.392361111111111,31,0.107638888888889,3.64516129032258,12,1,24.1116866390105,20.2532440891044,44.9828484786499,54.2300756628295,27,-22,1.31395348837209,0.584905660377358,4.57800928455869,0.0121022661902543,1.23436494836521,1.00026911419555
"2080_2099_RCP45","79","STE","17.76673, -29.29445","80-99","4.5",0.86553274224452,45,220,114,0.395833333333333,30,0.104166666666667,3.8,12,1,24.1116866390105,20.2532440891044,44.9828484786499,54.2300756628295,25,-20,1.28089887640449,0.6,4.57800928455869,0.0121022661902543,1.23436494836521,1.00026911419555
"2080_2099_RCP45","80","STE","17.76673, -29.29445","80-99","4.5",0.879778142076455,26.31,228,113,0.392361111111111,31,0.107638888888889,3.64516129032258,12,1,24.1116866390105,20.2532440891044,44.9828484786499,54.2300756628295,25,-20,1.28409090909091,0.607843137254902,4.57800928455869,0.0121022661902543,1.23436494836521,1.00026911419555
"2080_2099_RCP85","275","DAR","18.48183333, -33.473","80-99","8.5",0.861640922064713,31.99,212,69,0.239583333333333,73,0.253472222222222,0.945205479452055,12,1,19.8475791207696,18.5732008913195,69.8215491742274,74.577938964495,21,-17,1.4375,0.811111111111111,4.73586251344869,0.213340111447806,1.31339010891419,1.00306486999623
"2080_2099_RCP85","277","DAR","18.48183333, -33.473","80-99","8.5",0.867764988386521,51.94,220,76,0.263888888888889,66,0.229166666666667,1.15151515151515,12,1,19.8475791207696,18.5732008913195,69.8215491742274,74.577938964495,28,-24,1.58333333333333,0.733333333333333,4.73586251344869,0.213340111447806,1.31339010891419,1.00306486999623
"2080_2099_RCP85","278","DAR","18.48183333, -33.473","80-99","8.5",0.890510570509502,63.2,260,81,0.28125,61,0.211805555555556,1.32786885245902,12,1,19.8475791207696,18.5732008913195,69.8215491742274,74.577938964495,31,-27,1.62,0.693181818181818,4.73586251344869,0.213340111447806,1.31339010891419,1.00306486999623
"2080_2099_RCP85","280","DAR","18.48183333, -33.473","80-99","8.5",0.868544356157645,48.88,256,74,0.256944444444444,68,0.236111111111111,1.08823529411765,12,1,19.8475791207696,18.5732008913195,69.8215491742274,74.577938964495,26,-22,1.54166666666667,0.755555555555556,4.73586251344869,0.213340111447806,1.31339010891419,1.00306486999623
"2080_2099_RCP85","281","DAR","18.48183333, -33.473","80-99","8.5",0.863004856345143,34.66,235,71,0.246527777777778,71,0.246527777777778,1,12,1,19.8475791207696,18.5732008913195,69.8215491742274,74.577938964495,23,-19,1.47916666666667,0.788888888888889,4.73586251344869,0.213340111447806,1.31339010891419,1.00306486999623
"2080_2099_RCP85","282","DAR","18.48183333, -33.473","80-99","8.5",0.861157579659448,55.75,250,76,0.263888888888889,66,0.229166666666667,1.15151515151515,12,1,19.8475791207696,18.5732008913195,69.8215491742274,74.577938964495,28,-24,1.58333333333333,0.733333333333333,4.73586251344869,0.213340111447806,1.31339010891419,1.00306486999623
"2080_2099_RCP85","283","DAR","18.48183333, -33.473","80-99","8.5",0.865887822777168,45.53,250,74,0.256944444444444,68,0.236111111111111,1.08823529411765,12,1,19.8475791207696,18.5732008913195,69.8215491742274,74.577938964495,26,-22,1.54166666666667,0.755555555555556,4.73586251344869,0.213340111447806,1.31339010891419,1.00306486999623
"2080_2099_RCP85","284","DAR","18.48183333, -33.473","80-99","8.5",0.88734304595682,30.86,205,71,0.246527777777778,71,0.246527777777778,1,12,1,19.8475791207696,18.5732008913195,69.8215491742274,74.577938964495,24,-20,1.51063829787234,0.78021978021978,4.73586251344869,0.213340111447806,1.31339010891419,1.00306486999623
"2080_2099_RCP85","285","DAR","18.48183333, -33.473","80-99","8.5",0.865321421168191,32.62,215,71,0.246527777777778,71,0.246527777777778,1,12,1,19.8475791207696,18.5732008913195,69.8215491742274,74.577938964495,23,-19,1.47916666666667,0.788888888888889,4.73586251344869,0.213340111447806,1.31339010891419,1.00306486999623
"2080_2099_RCP85","286","DAR","18.48183333, -33.473","80-99","8.5",0.849165027367256,56.54,267,74,0.256944444444444,68,0.236111111111111,1.08823529411765,12,1,19.8475791207696,18.5732008913195,69.8215491742274,74.577938964495,26,-22,1.54166666666667,0.755555555555556,4.73586251344869,0.213340111447806,1.31339010891419,1.00306486999623
"2080_2099_RCP85","114","ELB","18.367115, -32.33073","80-99","8.5",0.898868135336079,41.61,220,90,0.3125,54,0.1875,1.66666666666667,12,1,20.6573493094834,19.6691461557031,64.3811650391592,67.8824569975605,20,-20,1.28571428571429,0.72972972972973,3.46925595142924,0.591706964072436,1.20184065091801,1.00927593652506
"2080_2099_RCP85","115","ELB","18.367115, -32.33073","80-99","8.5",0.931913125594032,27.64,210,90,0.3125,54,0.1875,1.66666666666667,12,1,20.6573493094834,19.6691461557031,64.3811650391592,67.8824569975605,20,-20,1.28571428571429,0.72972972972973,3.46925595142924,0.591706964072436,1.20184065091801,1.00927593652506
"2080_2099_RCP85","116","ELB","18.367115, -32.33073","80-99","8.5",0.894837090765235,44.5,230,90,0.3125,54,0.1875,1.66666666666667,12,1,20.6573493094834,19.6691461557031,64.3811650391592,67.8824569975605,19,-19,1.26760563380282,0.73972602739726,3.46925595142924,0.591706964072436,1.20184065091801,1.00927593652506
"2080_2099_RCP85","129","ELB","18.367115, -32.33073","80-99","8.5",0.898737280004088,46.16,245,91,0.315972222222222,53,0.184027777777778,1.71698113207547,12,1,20.6573493094834,19.6691461557031,64.3811650391592,67.8824569975605,19,-19,1.26388888888889,0.736111111111111,3.46925595142924,0.591706964072436,1.20184065091801,1.00927593652506
"2080_2099_RCP85","130","ELB","18.367115, -32.33073","80-99","8.5",0.904697476516551,34.71,210,89,0.309027777777778,55,0.190972222222222,1.61818181818182,12,1,20.6573493094834,19.6691461557031,64.3811650391592,67.8824569975605,19,-19,1.27142857142857,0.743243243243243,3.46925595142924,0.591706964072436,1.20184065091801,1.00927593652506
"2080_2099_RCP85","132","ELB","18.367115, -32.33073","80-99","8.5",0.892909497311827,42.04,166,90,0.3125,54,0.1875,1.66666666666667,12,1,20.6573493094834,19.6691461557031,64.3811650391592,67.8824569975605,20,-20,1.28571428571429,0.72972972972973,3.46925595142924,0.591706964072436,1.20184065091801,1.00927593652506
"2080_2099_RCP85","133","ELB","18.367115, -32.33073","80-99","8.5",0.90532577531119,34.16,212,89,0.309027777777778,55,0.190972222222222,1.61818181818182,12,1,20.6573493094834,19.6691461557031,64.3811650391592,67.8824569975605,19,-19,1.27142857142857,0.743243243243243,3.46925595142924,0.591706964072436,1.20184065091801,1.00927593652506
"2080_2099_RCP85","28","ELB","18.367115, -32.33073","80-99","8.5",0.861137286787838,46.85,227,87,0.302083333333333,57,0.197916666666667,1.52631578947368,12,1,20.6573493094834,19.6691461557031,64.3811650391592,67.8824569975605,17,-17,1.24285714285714,0.77027027027027,3.46925595142924,0.591706964072436,1.20184065091801,1.00927593652506
"2080_2099_RCP85","32","ELB","18.367115, -32.33073","80-99","8.5",0.856244460279514,51.86,233,87,0.302083333333333,57,0.197916666666667,1.52631578947368,12,1,20.6573493094834,19.6691461557031,64.3811650391592,67.8824569975605,17,-17,1.24285714285714,0.77027027027027,3.46925595142924,0.591706964072436,1.20184065091801,1.00927593652506
"2080_2099_RCP85","33","ELB","18.367115, -32.33073","80-99","8.5",0.881059832685117,58.36,255,91,0.315972222222222,53,0.184027777777778,1.71698113207547,12,1,20.6573493094834,19.6691461557031,64.3811650391592,67.8824569975605,19,-19,1.26388888888889,0.736111111111111,3.46925595142924,0.591706964072436,1.20184065091801,1.00927593652506
"2080_2099_RCP85","34","ELB","18.367115, -32.33073","80-99","8.5",0.885625279964774,39.61,245,88,0.305555555555556,56,0.194444444444444,1.57142857142857,12,1,20.6573493094834,19.6691461557031,64.3811650391592,67.8824569975605,18,-18,1.25714285714286,0.756756756756757,3.46925595142924,0.591706964072436,1.20184065091801,1.00927593652506
"2080_2099_RCP85","36","ELB","18.367115, -32.33073","80-99","8.5",0.871889823001715,57.82,243,90,0.3125,54,0.1875,1.66666666666667,12,1,20.6573493094834,19.6691461557031,64.3811650391592,67.8824569975605,20,-20,1.28571428571429,0.72972972972973,3.46925595142924,0.591706964072436,1.20184065091801,1.00927593652506
"2080_2099_RCP85","41","ELB","18.367115, -32.33073","80-99","8.5",0.855408548713634,40.43,235,88,0.305555555555556,56,0.194444444444444,1.57142857142857,12,1,20.6573493094834,19.6691461557031,64.3811650391592,67.8824569975605,20,-20,1.29411764705882,0.736842105263158,3.46925595142924,0.591706964072436,1.20184065091801,1.00927593652506
"2080_2099_RCP85","12","JAB","17.87886, -32.98373","80-99","8.5",0.914567840428325,25.41,201,80,0.277777777777778,64,0.222222222222222,1.25,12,1,21.4520524243149,19.8193386775473,68.2796599881342,74.299497974128,37,-37,1.86046511627907,0.633663366336634,5.09258081124421,-0.0148529581032903,1.31129249964133,0.999782516084199
"2080_2099_RCP85","138","JAB","17.87886, -32.98373","80-99","8.5",0.945268897492692,35.16,220,83,0.288194444444444,61,0.211805555555556,1.36065573770492,12,1,21.4520524243149,19.8193386775473,68.2796599881342,74.299497974128,34,-34,1.69387755102041,0.642105263157895,5.09258081124421,-0.0148529581032903,1.31129249964133,0.999782516084199
"2080_2099_RCP85","139","JAB","17.87886, -32.98373","80-99","8.5",0.946690693561011,42.1,235,83,0.288194444444444,61,0.211805555555556,1.36065573770492,12,1,21.4520524243149,19.8193386775473,68.2796599881342,74.299497974128,34,-34,1.69387755102041,0.642105263157895,5.09258081124421,-0.0148529581032903,1.31129249964133,0.999782516084199
"2080_2099_RCP85","148","JAB","17.87886, -32.98373","80-99","8.5",0.953690212582014,26.97,193,82,0.284722222222222,62,0.215277777777778,1.32258064516129,12,1,21.4520524243149,19.8193386775473,68.2796599881342,74.299497974128,34,-34,1.70833333333333,0.645833333333333,5.09258081124421,-0.0148529581032903,1.31129249964133,0.999782516084199
"2080_2099_RCP85","15","JAB","17.87886, -32.98373","80-99","8.5",0.925677642897908,29.26,218,81,0.28125,63,0.21875,1.28571428571429,12,1,21.4520524243149,19.8193386775473,68.2796599881342,74.299497974128,36,-36,1.8,0.636363636363636,5.09258081124421,-0.0148529581032903,1.31129249964133,0.999782516084199
"2080_2099_RCP85","150","JAB","17.87886, -32.98373","80-99","8.5",0.940046381026213,37.27,220,83,0.288194444444444,61,0.211805555555556,1.36065573770492,12,1,21.4520524243149,19.8193386775473,68.2796599881342,74.299497974128,34,-34,1.69387755102041,0.642105263157895,5.09258081124421,-0.0148529581032903,1.31129249964133,0.999782516084199
"2080_2099_RCP85","151","JAB","17.87886, -32.98373","80-99","8.5",0.93729883595477,37.03,213,82,0.284722222222222,62,0.215277777777778,1.32258064516129,12,1,21.4520524243149,19.8193386775473,68.2796599881342,74.299497974128,33,-33,1.6734693877551,0.652631578947368,5.09258081124421,-0.0148529581032903,1.31129249964133,0.999782516084199
"2080_2099_RCP85","152","JAB","17.87886, -32.98373","80-99","8.5",0.908721790669937,44.22,200,82,0.284722222222222,62,0.215277777777778,1.32258064516129,12,1,21.4520524243149,19.8193386775473,68.2796599881342,74.299497974128,33,-33,1.6734693877551,0.652631578947368,5.09258081124421,-0.0148529581032903,1.31129249964133,0.999782516084199
"2080_2099_RCP85","153","JAB","17.87886, -32.98373","80-99","8.5",0.937197221520795,23.75,220,80,0.277777777777778,64,0.222222222222222,1.25,12,1,21.4520524243149,19.8193386775473,68.2796599881342,74.299497974128,35,-35,1.77777777777778,0.646464646464647,5.09258081124421,-0.0148529581032903,1.31129249964133,0.999782516084199
"2080_2099_RCP85","154","JAB","17.87886, -32.98373","80-99","8.5",0.937393226285098,30.96,222,82,0.284722222222222,62,0.215277777777778,1.32258064516129,12,1,21.4520524243149,19.8193386775473,68.2796599881342,74.299497974128,35,-35,1.74468085106383,0.639175257731959,5.09258081124421,-0.0148529581032903,1.31129249964133,0.999782516084199
"2080_2099_RCP85","155","JAB","17.87886, -32.98373","80-99","8.5",0.948119196619738,37.6,140,83,0.288194444444444,61,0.211805555555556,1.36065573770492,12,1,21.4520524243149,19.8193386775473,68.2796599881342,74.299497974128,35,-35,1.72916666666667,0.635416666666667,5.09258081124421,-0.0148529581032903,1.31129249964133,0.999782516084199
"2080_2099_RCP85","156","JAB","17.87886, -32.98373","80-99","8.5",0.939354306780322,29.96,200,82,0.284722222222222,62,0.215277777777778,1.32258064516129,12,1,21.4520524243149,19.8193386775473,68.2796599881342,74.299497974128,35,-35,1.74468085106383,0.639175257731959,5.09258081124421,-0.0148529581032903,1.31129249964133,0.999782516084199
"2080_2099_RCP85","19","JAB","17.87886, -32.98373","80-99","8.5",0.925204803339221,11.49,150,80,0.277777777777778,64,0.222222222222222,1.25,12,1,21.4520524243149,19.8193386775473,68.2796599881342,74.299497974128,39,-39,1.95121951219512,0.621359223300971,5.09258081124421,-0.0148529581032903,1.31129249964133,0.999782516084199
"2080_2099_RCP85","21","JAB","17.87886, -32.98373","80-99","8.5",0.924673691387288,35.1,227,82,0.284722222222222,62,0.215277777777778,1.32258064516129,12,1,21.4520524243149,19.8193386775473,68.2796599881342,74.299497974128,35,-35,1.74468085106383,0.639175257731959,5.09258081124421,-0.0148529581032903,1.31129249964133,0.999782516084199
"2080_2099_RCP85","23","JAB","17.87886, -32.98373","80-99","8.5",0.910839883817645,28.42,220,81,0.28125,63,0.21875,1.28571428571429,12,1,21.4520524243149,19.8193386775473,68.2796599881342,74.299497974128,38,-38,1.88372093023256,0.623762376237624,5.09258081124421,-0.0148529581032903,1.31129249964133,0.999782516084199
"2080_2099_RCP85","255","LHO","25.6390895, -28.631946","80-99","8.5",0.931029938967727,17.21,165,103,0.357638888888889,38,0.131944444444444,2.71052631578947,12,1,21.90376328328,18.4328642422768,48.8104577929151,57.8830124373944,20,-10,1.24096385542169,0.791666666666667,4.16889523191018,0.339182256107961,1.2350677332267,1.00699759295277
"2080_2099_RCP85","256","LHO","25.6390895, -28.631946","80-99","8.5",0.89706318188918,20.84,215,103,0.357638888888889,38,0.131944444444444,2.71052631578947,12,1,21.90376328328,18.4328642422768,48.8104577929151,57.8830124373944,22,-12,1.27160493827161,0.76,4.16889523191018,0.339182256107961,1.2350677332267,1.00699759295277
"2080_2099_RCP85","258","LHO","25.6390895, -28.631946","80-99","8.5",0.91537433602504,25.51,190,104,0.361111111111111,37,0.128472222222222,2.81081081081081,12,1,21.90376328328,18.4328642422768,48.8104577929151,57.8830124373944,20,-10,1.23809523809524,0.787234042553192,4.16889523191018,0.339182256107961,1.2350677332267,1.00699759295277
"2080_2099_RCP85","259","LHO","25.6390895, -28.631946","80-99","8.5",0.927723632218493,26.38,212,104,0.361111111111111,37,0.128472222222222,2.81081081081081,12,1,21.90376328328,18.4328642422768,48.8104577929151,57.8830124373944,20,-10,1.23809523809524,0.787234042553192,4.16889523191018,0.339182256107961,1.2350677332267,1.00699759295277
"2080_2099_RCP85","261","LHO","25.6390895, -28.631946","80-99","8.5",0.898349063414607,15.3,183,102,0.354166666666667,39,0.135416666666667,2.61538461538462,12,1,21.90376328328,18.4328642422768,48.8104577929151,57.8830124373944,23,-13,1.29113924050633,0.75,4.16889523191018,0.339182256107961,1.2350677332267,1.00699759295277
"2080_2099_RCP85","262","LHO","25.6390895, -28.631946","80-99","8.5",0.916246426013149,19.51,215,103,0.357638888888889,38,0.131944444444444,2.71052631578947,12,1,21.90376328328,18.4328642422768,48.8104577929151,57.8830124373944,20,-10,1.24096385542169,0.791666666666667,4.16889523191018,0.339182256107961,1.2350677332267,1.00699759295277
"2080_2099_RCP85","269","LHO","25.6390895, -28.631946","80-99","8.5",0.901353682599406,16.38,130,102,0.354166666666667,39,0.135416666666667,2.61538461538462,12,1,21.90376328328,18.4328642422768,48.8104577929151,57.8830124373944,22,-12,1.275,0.764705882352941,4.16889523191018,0.339182256107961,1.2350677332267,1.00699759295277
"2080_2099_RCP85","270","LHO","25.6390895, -28.631946","80-99","8.5",0.907311130027434,17.27,175,103,0.357638888888889,38,0.131944444444444,2.71052631578947,12,1,21.90376328328,18.4328642422768,48.8104577929151,57.8830124373944,22,-12,1.27160493827161,0.76,4.16889523191018,0.339182256107961,1.2350677332267,1.00699759295277
"2080_2099_RCP85","70","STE","17.76673, -29.29445","80-99","8.5",0.878952551518295,28.26,217,111,0.385416666666667,23,0.0798611111111111,4.82608695652174,12,1,26.0865390272795,22.1639918256379,44.9154033430974,54.2498512465941,24,-29,1.27586206896552,0.442307692307692,6.55286167282766,-0.055342869362299,1.3354648258964,0.99876935843802
"2080_2099_RCP85","71","STE","17.76673, -29.29445","80-99","8.5",0.860290711892574,35.64,240,111,0.385416666666667,23,0.0798611111111111,4.82608695652174,12,1,26.0865390272795,22.1639918256379,44.9154033430974,54.2498512465941,24,-29,1.27586206896552,0.442307692307692,6.55286167282766,-0.055342869362299,1.3354648258964,0.99876935843802
"2080_2099_RCP85","72","STE","17.76673, -29.29445","80-99","8.5",0.836607169301981,33.81,242,108,0.375,26,0.0902777777777778,4.15384615384615,12,1,26.0865390272795,22.1639918256379,44.9154033430974,54.2498512465941,20,-25,1.22727272727273,0.509803921568627,6.55286167282766,-0.055342869362299,1.3354648258964,0.99876935843802
"2080_2099_RCP85","73","STE","17.76673, -29.29445","80-99","8.5",0.856715448251354,29.47,192,108,0.375,26,0.0902777777777778,4.15384615384615,12,1,26.0865390272795,22.1639918256379,44.9154033430974,54.2498512465941,20,-25,1.22727272727273,0.509803921568627,6.55286167282766,-0.055342869362299,1.3354648258964,0.99876935843802
"2080_2099_RCP85","74","STE","17.76673, -29.29445","80-99","8.5",0.859836405593628,40.14,228,111,0.385416666666667,23,0.0798611111111111,4.82608695652174,12,1,26.0865390272795,22.1639918256379,44.9154033430974,54.2498512465941,23,-28,1.26136363636364,0.450980392156863,6.55286167282766,-0.055342869362299,1.3354648258964,0.99876935843802
"2080_2099_RCP85","75","STE","17.76673, -29.29445","80-99","8.5",0.87068857239463,30.86,197,111,0.385416666666667,23,0.0798611111111111,4.82608695652174,12,1,26.0865390272795,22.1639918256379,44.9154033430974,54.2498512465941,23,-28,1.26136363636364,0.450980392156863,6.55286167282766,-0.055342869362299,1.3354648258964,0.99876935843802
"2080_2099_RCP85","76","STE","17.76673, -29.29445","80-99","8.5",0.854749772970584,38.14,236,111,0.385416666666667,23,0.0798611111111111,4.82608695652174,12,1,26.0865390272795,22.1639918256379,44.9154033430974,54.2498512465941,24,-29,1.27586206896552,0.442307692307692,6.55286167282766,-0.055342869362299,1.3354648258964,0.99876935843802
"2080_2099_RCP85","78","STE","17.76673, -29.29445","80-99","8.5",0.832507022746943,32.99,220,108,0.375,26,0.0902777777777778,4.15384615384615,12,1,26.0865390272795,22.1639918256379,44.9154033430974,54.2498512465941,22,-27,1.25581395348837,0.490566037735849,6.55286167282766,-0.055342869362299,1.3354648258964,0.99876935843802
"2080_2099_RCP85","79","STE","17.76673, -29.29445","80-99","8.5",0.86553274224452,45,220,110,0.381944444444444,22,0.0763888888888889,5,12,1,26.0865390272795,22.1639918256379,44.9154033430974,54.2498512465941,21,-28,1.23595505617978,0.44,6.55286167282766,-0.055342869362299,1.3354648258964,0.99876935843802
"2080_2099_RCP85","80","STE","17.76673, -29.29445","80-99","8.5",0.879778142076455,26.31,228,111,0.385416666666667,23,0.0798611111111111,4.82608695652174,12,1,26.0865390272795,22.1639918256379,44.9154033430974,54.2498512465941,23,-28,1.26136363636364,0.450980392156863,6.55286167282766,-0.055342869362299,1.3354648258964,0.99876935843802
"present","275","DAR","18.48183333, -33.473","pres","none",0.861640922064713,31.99,212,48,0.166666666666667,90,0.3125,0.533333333333333,12,1,15.1117166073209,13.8856041666988,69.6082090627796,74.595796687702,0,0,1,1,0,0,1,1
"present","277","DAR","18.48183333, -33.473","pres","none",0.867764988386521,51.94,220,48,0.166666666666667,90,0.3125,0.533333333333333,12,1,15.1117166073209,13.8856041666988,69.6082090627796,74.595796687702,0,0,1,1,0,0,1,1
"present","278","DAR","18.48183333, -33.473","pres","none",0.890510570509502,63.2,260,50,0.173611111111111,88,0.305555555555556,0.568181818181818,12,1,15.1117166073209,13.8856041666988,69.6082090627796,74.595796687702,0,0,1,1,0,0,1,1
"present","280","DAR","18.48183333, -33.473","pres","none",0.868544356157645,48.88,256,48,0.166666666666667,90,0.3125,0.533333333333333,12,1,15.1117166073209,13.8856041666988,69.6082090627796,74.595796687702,0,0,1,1,0,0,1,1
"present","281","DAR","18.48183333, -33.473","pres","none",0.863004856345143,34.66,235,48,0.166666666666667,90,0.3125,0.533333333333333,12,1,15.1117166073209,13.8856041666988,69.6082090627796,74.595796687702,0,0,1,1,0,0,1,1
"present","282","DAR","18.48183333, -33.473","pres","none",0.861157579659448,55.75,250,48,0.166666666666667,90,0.3125,0.533333333333333,12,1,15.1117166073209,13.8856041666988,69.6082090627796,74.595796687702,0,0,1,1,0,0,1,1
"present","283","DAR","18.48183333, -33.473","pres","none",0.865887822777168,45.53,250,48,0.166666666666667,90,0.3125,0.533333333333333,12,1,15.1117166073209,13.8856041666988,69.6082090627796,74.595796687702,0,0,1,1,0,0,1,1
"present","284","DAR","18.48183333, -33.473","pres","none",0.88734304595682,30.86,205,47,0.163194444444444,91,0.315972222222222,0.516483516483517,12,1,15.1117166073209,13.8856041666988,69.6082090627796,74.595796687702,0,0,1,1,0,0,1,1
"present","285","DAR","18.48183333, -33.473","pres","none",0.865321421168191,32.62,215,48,0.166666666666667,90,0.3125,0.533333333333333,12,1,15.1117166073209,13.8856041666988,69.6082090627796,74.595796687702,0,0,1,1,0,0,1,1
"present","286","DAR","18.48183333, -33.473","pres","none",0.849165027367256,56.54,267,48,0.166666666666667,90,0.3125,0.533333333333333,12,1,15.1117166073209,13.8856041666988,69.6082090627796,74.595796687702,0,0,1,1,0,0,1,1
"present","114","ELB","18.367115, -32.33073","pres","none",0.898868135336079,41.61,220,70,0.243055555555556,74,0.256944444444444,0.945945945945946,12,1,17.1880933580542,16.1966277830063,63.7894580750867,67.8642099891112,0,0,1,1,0,0,1,1
"present","115","ELB","18.367115, -32.33073","pres","none",0.931913125594032,27.64,210,70,0.243055555555556,74,0.256944444444444,0.945945945945946,12,1,17.1880933580542,16.1966277830063,63.7894580750867,67.8642099891112,0,0,1,1,0,0,1,1
"present","116","ELB","18.367115, -32.33073","pres","none",0.894837090765235,44.5,230,71,0.246527777777778,73,0.253472222222222,0.972602739726027,12,1,17.1880933580542,16.1966277830063,63.7894580750867,67.8642099891112,0,0,1,1,0,0,1,1
"present","129","ELB","18.367115, -32.33073","pres","none",0.898737280004088,46.16,245,72,0.25,72,0.25,1,12,1,17.1880933580542,16.1966277830063,63.7894580750867,67.8642099891112,0,0,1,1,0,0,1,1
"present","130","ELB","18.367115, -32.33073","pres","none",0.904697476516551,34.71,210,70,0.243055555555556,74,0.256944444444444,0.945945945945946,12,1,17.1880933580542,16.1966277830063,63.7894580750867,67.8642099891112,0,0,1,1,0,0,1,1
"present","132","ELB","18.367115, -32.33073","pres","none",0.892909497311827,42.04,166,70,0.243055555555556,74,0.256944444444444,0.945945945945946,12,1,17.1880933580542,16.1966277830063,63.7894580750867,67.8642099891112,0,0,1,1,0,0,1,1
"present","133","ELB","18.367115, -32.33073","pres","none",0.90532577531119,34.16,212,70,0.243055555555556,74,0.256944444444444,0.945945945945946,12,1,17.1880933580542,16.1966277830063,63.7894580750867,67.8642099891112,0,0,1,1,0,0,1,1
"present","28","ELB","18.367115, -32.33073","pres","none",0.861137286787838,46.85,227,70,0.243055555555556,74,0.256944444444444,0.945945945945946,12,1,17.1880933580542,16.1966277830063,63.7894580750867,67.8642099891112,0,0,1,1,0,0,1,1
"present","32","ELB","18.367115, -32.33073","pres","none",0.856244460279514,51.86,233,70,0.243055555555556,74,0.256944444444444,0.945945945945946,12,1,17.1880933580542,16.1966277830063,63.7894580750867,67.8642099891112,0,0,1,1,0,0,1,1
"present","33","ELB","18.367115, -32.33073","pres","none",0.881059832685117,58.36,255,72,0.25,72,0.25,1,12,1,17.1880933580542,16.1966277830063,63.7894580750867,67.8642099891112,0,0,1,1,0,0,1,1
"present","34","ELB","18.367115, -32.33073","pres","none",0.885625279964774,39.61,245,70,0.243055555555556,74,0.256944444444444,0.945945945945946,12,1,17.1880933580542,16.1966277830063,63.7894580750867,67.8642099891112,0,0,1,1,0,0,1,1
"present","36","ELB","18.367115, -32.33073","pres","none",0.871889823001715,57.82,243,70,0.243055555555556,74,0.256944444444444,0.945945945945946,12,1,17.1880933580542,16.1966277830063,63.7894580750867,67.8642099891112,0,0,1,1,0,0,1,1
"present","41","ELB","18.367115, -32.33073","pres","none",0.855408548713634,40.43,235,68,0.236111111111111,76,0.263888888888889,0.894736842105263,12,1,17.1880933580542,16.1966277830063,63.7894580750867,67.8642099891112,0,0,1,1,0,0,1,1
"present","12","JAB","17.87886, -32.98373","pres","none",0.914567840428325,25.41,201,43,0.149305555555556,101,0.350694444444444,0.425742574257426,12,1,16.3594716130707,14.82134535373,68.2945129462375,74.236429204789,0,0,1,1,0,0,1,1
"present","138","JAB","17.87886, -32.98373","pres","none",0.945268897492692,35.16,220,49,0.170138888888889,95,0.329861111111111,0.515789473684211,12,1,16.3594716130707,14.82134535373,68.2945129462375,74.236429204789,0,0,1,1,0,0,1,1
"present","139","JAB","17.87886, -32.98373","pres","none",0.946690693561011,42.1,235,49,0.170138888888889,95,0.329861111111111,0.515789473684211,12,1,16.3594716130707,14.82134535373,68.2945129462375,74.236429204789,0,0,1,1,0,0,1,1
"present","148","JAB","17.87886, -32.98373","pres","none",0.953690212582014,26.97,193,48,0.166666666666667,96,0.333333333333333,0.5,12,1,16.3594716130707,14.82134535373,68.2945129462375,74.236429204789,0,0,1,1,0,0,1,1
"present","15","JAB","17.87886, -32.98373","pres","none",0.925677642897908,29.26,218,45,0.15625,99,0.34375,0.454545454545455,12,1,16.3594716130707,14.82134535373,68.2945129462375,74.236429204789,0,0,1,1,0,0,1,1
"present","150","JAB","17.87886, -32.98373","pres","none",0.940046381026213,37.27,220,49,0.170138888888889,95,0.329861111111111,0.515789473684211,12,1,16.3594716130707,14.82134535373,68.2945129462375,74.236429204789,0,0,1,1,0,0,1,1
"present","151","JAB","17.87886, -32.98373","pres","none",0.93729883595477,37.03,213,49,0.170138888888889,95,0.329861111111111,0.515789473684211,12,1,16.3594716130707,14.82134535373,68.2945129462375,74.236429204789,0,0,1,1,0,0,1,1
"present","152","JAB","17.87886, -32.98373","pres","none",0.908721790669937,44.22,200,49,0.170138888888889,95,0.329861111111111,0.515789473684211,12,1,16.3594716130707,14.82134535373,68.2945129462375,74.236429204789,0,0,1,1,0,0,1,1
"present","153","JAB","17.87886, -32.98373","pres","none",0.937197221520795,23.75,220,45,0.15625,99,0.34375,0.454545454545455,12,1,16.3594716130707,14.82134535373,68.2945129462375,74.236429204789,0,0,1,1,0,0,1,1
"present","154","JAB","17.87886, -32.98373","pres","none",0.937393226285098,30.96,222,47,0.163194444444444,97,0.336805555555556,0.484536082474227,12,1,16.3594716130707,14.82134535373,68.2945129462375,74.236429204789,0,0,1,1,0,0,1,1
"present","155","JAB","17.87886, -32.98373","pres","none",0.948119196619738,37.6,140,48,0.166666666666667,96,0.333333333333333,0.5,12,1,16.3594716130707,14.82134535373,68.2945129462375,74.236429204789,0,0,1,1,0,0,1,1
"present","156","JAB","17.87886, -32.98373","pres","none",0.939354306780322,29.96,200,47,0.163194444444444,97,0.336805555555556,0.484536082474227,12,1,16.3594716130707,14.82134535373,68.2945129462375,74.236429204789,0,0,1,1,0,0,1,1
"present","19","JAB","17.87886, -32.98373","pres","none",0.925204803339221,11.49,150,41,0.142361111111111,103,0.357638888888889,0.398058252427184,12,1,16.3594716130707,14.82134535373,68.2945129462375,74.236429204789,0,0,1,1,0,0,1,1
"present","21","JAB","17.87886, -32.98373","pres","none",0.924673691387288,35.1,227,47,0.163194444444444,97,0.336805555555556,0.484536082474227,12,1,16.3594716130707,14.82134535373,68.2945129462375,74.236429204789,0,0,1,1,0,0,1,1
"present","23","JAB","17.87886, -32.98373","pres","none",0.910839883817645,28.42,220,43,0.149305555555556,101,0.350694444444444,0.425742574257426,12,1,16.3594716130707,14.82134535373,68.2945129462375,74.236429204789,0,0,1,1,0,0,1,1
"present","255","LHO","25.6390895, -28.631946","pres","none",0.931029938967727,17.21,165,83,0.288194444444444,48,0.166666666666667,1.72916666666667,12,1,17.7348680513698,14.3203819441099,48.4712755368071,57.8859819995733,0,0,1,1,0,0,1,1
"present","256","LHO","25.6390895, -28.631946","pres","none",0.89706318188918,20.84,215,81,0.28125,50,0.173611111111111,1.62,12,1,17.7348680513698,14.3203819441099,48.4712755368071,57.8859819995733,0,0,1,1,0,0,1,1
"present","258","LHO","25.6390895, -28.631946","pres","none",0.91537433602504,25.51,190,84,0.291666666666667,47,0.163194444444444,1.78723404255319,12,1,17.7348680513698,14.3203819441099,48.4712755368071,57.8859819995733,0,0,1,1,0,0,1,1
"present","259","LHO","25.6390895, -28.631946","pres","none",0.927723632218493,26.38,212,84,0.291666666666667,47,0.163194444444444,1.78723404255319,12,1,17.7348680513698,14.3203819441099,48.4712755368071,57.8859819995733,0,0,1,1,0,0,1,1
"present","261","LHO","25.6390895, -28.631946","pres","none",0.898349063414607,15.3,183,79,0.274305555555556,52,0.180555555555556,1.51923076923077,12,1,17.7348680513698,14.3203819441099,48.4712755368071,57.8859819995733,0,0,1,1,0,0,1,1
"present","262","LHO","25.6390895, -28.631946","pres","none",0.916246426013149,19.51,215,83,0.288194444444444,48,0.166666666666667,1.72916666666667,12,1,17.7348680513698,14.3203819441099,48.4712755368071,57.8859819995733,0,0,1,1,0,0,1,1
"present","269","LHO","25.6390895, -28.631946","pres","none",0.901353682599406,16.38,130,80,0.277777777777778,51,0.177083333333333,1.56862745098039,12,1,17.7348680513698,14.3203819441099,48.4712755368071,57.8859819995733,0,0,1,1,0,0,1,1
"present","270","LHO","25.6390895, -28.631946","pres","none",0.907311130027434,17.27,175,81,0.28125,50,0.173611111111111,1.62,12,1,17.7348680513698,14.3203819441099,48.4712755368071,57.8859819995733,0,0,1,1,0,0,1,1
"present","70","STE","17.76673, -29.29445","pres","none",0.878952551518295,28.26,217,87,0.302083333333333,52,0.180555555555556,1.67307692307692,12,1,19.5336773544518,15.7993842976453,44.9707462124597,54.1848305274231,0,0,1,1,0,0,1,1
"present","71","STE","17.76673, -29.29445","pres","none",0.860290711892574,35.64,240,87,0.302083333333333,52,0.180555555555556,1.67307692307692,12,1,19.5336773544518,15.7993842976453,44.9707462124597,54.1848305274231,0,0,1,1,0,0,1,1
"present","72","STE","17.76673, -29.29445","pres","none",0.836607169301981,33.81,242,88,0.305555555555556,51,0.177083333333333,1.72549019607843,12,1,19.5336773544518,15.7993842976453,44.9707462124597,54.1848305274231,0,0,1,1,0,0,1,1
"present","73","STE","17.76673, -29.29445","pres","none",0.856715448251354,29.47,192,88,0.305555555555556,51,0.177083333333333,1.72549019607843,12,1,19.5336773544518,15.7993842976453,44.9707462124597,54.1848305274231,0,0,1,1,0,0,1,1
"present","74","STE","17.76673, -29.29445","pres","none",0.859836405593628,40.14,228,88,0.305555555555556,51,0.177083333333333,1.72549019607843,12,1,19.5336773544518,15.7993842976453,44.9707462124597,54.1848305274231,0,0,1,1,0,0,1,1
"present","75","STE","17.76673, -29.29445","pres","none",0.87068857239463,30.86,197,88,0.305555555555556,51,0.177083333333333,1.72549019607843,12,1,19.5336773544518,15.7993842976453,44.9707462124597,54.1848305274231,0,0,1,1,0,0,1,1
"present","76","STE","17.76673, -29.29445","pres","none",0.854749772970584,38.14,236,87,0.302083333333333,52,0.180555555555556,1.67307692307692,12,1,19.5336773544518,15.7993842976453,44.9707462124597,54.1848305274231,0,0,1,1,0,0,1,1
"present","78","STE","17.76673, -29.29445","pres","none",0.832507022746943,32.99,220,86,0.298611111111111,53,0.184027777777778,1.62264150943396,12,1,19.5336773544518,15.7993842976453,44.9707462124597,54.1848305274231,0,0,1,1,0,0,1,1
"present","79","STE","17.76673, -29.29445","pres","none",0.86553274224452,45,220,89,0.309027777777778,50,0.173611111111111,1.78,12,1,19.5336773544518,15.7993842976453,44.9707462124597,54.1848305274231,0,0,1,1,0,0,1,1
"present","80","STE","17.76673, -29.29445","pres","none",0.879778142076455,26.31,228,88,0.305555555555556,51,0.177083333333333,1.72549019607843,12,1,19.5336773544518,15.7993842976453,44.9707462124597,54.1848305274231,0,0,1,1,0,0,1,1
